sn,fault_time,module_cause,module
SERVER_1310,2020-09-26 22:20:53,"module10,cod1:0x110a,cod2:0xc,addr:0x8af00000",module10
SERVER_1516,2020-10-02 11:45:54,"module8,cod1:0x91,cod2:0x101,addr:0x772c6740",module8
SERVER_1602,2020-09-14 11:54:53,"module9,cod1:0x1136,cod2:0x4,addr:0x7fba4342",module9
SERVER_1604,2020-09-14 11:58:54,"module9,cod1:0x1136,cod2:0x4,addr:0x7fba4342",module9
SERVER_1784,2020-11-02 21:43:54,"module1,cod1:0x134,cod2:0x10,addr:0x0",module1
SERVER_2253,2020-09-24 15:54:54,"module8,cod1:0x90,cod2:0x101,addr:0x2745c1c0",module8
SERVER_2866,2020-09-18 17:48:54,"module1,cod1:0x134,cod2:0x10,addr:0x5efffa6180,module1,cod1:0x134,cod2:0x10,addr:0x8b9f60500",module1
SERVER_25756,2020-10-27 10:52:54,"module0,cod1:0x5,cod2:0x3,addr:0x0",module0
SERVER_3350,2020-10-08 13:49:53,"module8,cod1:0x90,cod2:0x101,addr:0x37a92e5180",module8
SERVER_3352,2020-09-06 00:47:54,"module8,cod1:0x90,cod2:0x101,addr:0x4c9095a980",module8
SERVER_3378,2020-08-27 02:05:54,"module2,cod1:0x19,cod2:0x1,addr:0x0",module2
SERVER_3640,2020-09-27 01:27:54,"module8,cod1:0x91,cod2:0x101,addr:0x73765d6d40",module8
SERVER_3668,2020-11-11 13:35:53,"module1,cod1:0x134,cod2:0x10,addr:0x30fd815ec0",module1
SERVER_3729,2020-09-15 13:23:53,"module1,cod1:0x134,cod2:0x10,addr:0x2ba8a00a40,module7,cod1:0x90,cod2:0x101,addr:0x2ba8a00a40","module1,module7"
SERVER_4046,2020-09-22 11:42:54,"module1,cod1:0x134,cod2:0x10,addr:0xab7d28ed80,module1,cod1:0x134,cod2:0x10,addr:0xb070c04500",module1
SERVER_4046,2020-10-03 17:20:53,"module1,cod1:0x134,cod2:0x10,addr:0x803dcf8d00",module1
SERVER_4320,2020-10-11 18:45:54,"module1,cod1:0x134,cod2:0x10,addr:0x1fa5d72440,module1,cod1:0x134,cod2:0x10,addr:0x5f83c4c4c0",module1
SERVER_4360,2020-11-07 14:46:54,"module11,cod1:0x110a,cod2:0xc,addr:0x82c00000",module11
SERVER_25789,2020-10-16 09:56:53,"port a,nointerpretableerrordata,module11,cod1:0x110a,cod2:0xc,addr:0x398004815000","port a,module11"
SERVER_4556,2020-09-10 07:33:54,"module1,cod1:0x134,cod2:0x10,addr:0x5f95054300",module1
SERVER_4556,2020-09-10 07:33:54,"module1,cod1:0x134,cod2:0x10,addr:0x5f95054300,module8,cod1:0x91,cod2:0x101,addr:0x5f95054300","module1,module8"
SERVER_4658,2020-11-05 18:48:53,"module1,cod1:0x134,cod2:0x10,addr:0x37ae4d4840",module1
SERVER_4735,2020-09-28 11:15:54,"module1,cod1:0x134,cod2:0x10,addr:0x207ac57480,module1,cod1:0x134,cod2:0x10,addr:0x207ac75a80,module7,cod1:0x92,cod2:0x101,addr:0x207ac57480,module7,cod1:0x92,cod2:0x101,addr:0x207ac75a80","module1,module7"
SERVER_4754,2020-09-01 18:47:54,"module9,cod1:0x110a,cod2:0xc,addr:0xee501000,module9,cod1:0x110a,cod2:0xc,addr:0xee681000",module9
SERVER_4792,2020-11-07 18:56:54,"port a,nointerpretableerrordata,module8,cod1:0x91,cod2:0x101,addr:0x4d2a531780","port a,module8"
SERVER_4818,2020-09-16 11:57:54,"module1,cod1:0x134,cod2:0x10,addr:0x3de3855440,module7,cod1:0x90,cod2:0x101,addr:0x3de3855440","module1,module7"
SERVER_4898,2020-09-07 06:17:54,"module1,cod1:0x134,cod2:0x10,addr:0x3839433180,module8,cod1:0x90,cod2:0x101,addr:0x3839433180","module1,module8"
SERVER_5048,2020-11-21 10:00:02,"module1,cod1:0x134,cod2:0x10,addr:0x16be05200",module1
SERVER_5054,2020-11-10 09:59:54,"module4,cod1:0x400,cod2:0x80,addr:0x43c99c",module4
SERVER_5105,2020-10-16 15:20:54,"module9,cod1:0x110a,cod2:0xc,addr:0xee501000",module9
SERVER_5147,2020-09-02 07:29:53,"module9,cod1:0x110a,cod2:0xc,addr:0xee501000",module9
SERVER_5151,2020-11-19 18:13:58,"module9,cod1:0x110a,cod2:0xc,addr:0xee501000",module9
SERVER_5185,2020-09-13 12:36:54,"module0,cod1:0x150,cod2:0xc,addr:0xd7013e180,module8,cod1:0x90,cod2:0x101,addr:0x2d6b03e900,module8,cod1:0x90,cod2:0x101,addr:0xd7013e180","module0,module8"
SERVER_25839,2020-10-22 14:26:53,"module9,cod1:0x110a,cod2:0xc,addr:0x84150080",module9
SERVER_5369,2020-09-29 11:50:53,"module1,cod1:0x134,cod2:0x10,addr:0xdd7237280,module7,cod1:0x90,cod2:0x101,addr:0xdd7237280","module1,module7"
SERVER_5414,2020-09-20 06:41:53,"module1,cod1:0x134,cod2:0x10,addr:0x0,module7,cod1:0x92,cod2:0x101,addr:0x94028c3c00","module1,module7"
SERVER_5440,2020-10-27 14:46:53,"module1,cod1:0x134,cod2:0x10,addr:0x51a290b8c0,module7,cod1:0x91,cod2:0x101,addr:0x51a290b8c0","module1,module7"
SERVER_5452,2020-11-22 04:42:02,"module0,cod1:0x5,cod2:0x2,addr:0x0",module0
SERVER_25907,2020-09-15 13:05:54,"module1,cod1:0x134,cod2:0x10,addr:0x170b31edc0,module1,cod1:0x134,cod2:0x10,addr:0x170b31f9c0,module8,cod1:0x92,cod2:0x101,addr:0x170b3181c0,module8,cod1:0x92,cod2:0x101,addr:0x170b31f9c0","module1,module8"
SERVER_5730,2020-10-25 10:47:53,"module1,cod1:0x134,cod2:0x10,addr:0xbef708a0c0,module7,cod1:0x92,cod2:0x101,addr:0xbef708a0c0","module1,module7"
SERVER_5732,2020-11-05 16:32:54,"module1,cod1:0x134,cod2:0x10,addr:0x27a8a9ba40,module7,cod1:0x91,cod2:0x101,addr:0x8817c23240","module1,module7"
SERVER_5748,2020-11-05 11:58:54,"module1,cod1:0x134,cod2:0x10,addr:0x415d20e080,module7,cod1:0x90,cod2:0x101,addr:0x415d20e080","module1,module7"
SERVER_5907,2020-10-13 22:47:53,"module1,cod1:0x134,cod2:0x10,addr:0x0,module8,cod1:0x91,cod2:0x101,addr:0x40b4931540","module1,module8"
SERVER_5954,2020-10-18 09:07:54,"module1,cod1:0x174,cod2:0x0,addr:0x0",module1
SERVER_5966,2020-11-23 11:38:02,"module1,cod1:0x134,cod2:0x10,addr:0x32ce0fb800,module7,cod1:0x90,cod2:0x101,addr:0x32ce0fb800","module1,module7"
SERVER_6102,2020-10-10 06:37:55,"module4,cod1:0x400,cod2:0x80,addr:0x4a783e",module4
SERVER_25997,2020-10-20 10:54:53,"module4,cod1:0x400,cod2:0x80,addr:0x7f7e64dd80a0",module4
SERVER_6313,2020-10-29 03:42:54,"module1,cod1:0x134,cod2:0x10,addr:0x5c5760c740,module8,cod1:0x91,cod2:0x101,addr:0x5c5760c740","module1,module8"
SERVER_6329,2020-09-27 13:38:53,"module1,cod1:0x134,cod2:0x10,addr:0x6fd40ad980,module8,cod1:0x90,cod2:0x101,addr:0x6fd40ad980","module1,module8"
SERVER_6372,2020-10-28 10:05:53,"module1,cod1:0x134,cod2:0x10,addr:0x492a39a0c0",module1
SERVER_6453,2020-10-15 06:27:54,"module1,cod1:0x134,cod2:0x10,addr:0xb5b13d3240",module1
SERVER_6569,2020-09-06 18:31:53,"module4,cod1:0x400,cod2:0x80,addr:0x7fbb5e568fb0",module4
SERVER_6616,2020-11-14 21:24:53,"module1,cod1:0x134,cod2:0x10,addr:0x115834e180",module1
SERVER_6713,2020-08-31 23:25:54,"module1,cod1:0x134,cod2:0x10,addr:0x72f7fd2300,module8,cod1:0x90,cod2:0x101,addr:0x72f7fd2300","module1,module8"
SERVER_6806,2020-11-13 13:59:53,"module1,cod1:0x184,cod2:0x0,addr:0x2309e4a380",module1
SERVER_6962,2020-09-02 05:53:54,"module1,cod1:0x124,cod2:0x0,addr:0x21d7c1bb00",module1
SERVER_7074,2020-09-07 14:55:54,"module9,cod1:0x110a,cod2:0xc,addr:0xee681000",module9
SERVER_7124,2020-09-12 14:05:53,"port a,nointerpretableerrordata,module1,cod1:0x134,cod2:0x10,addr:0x4093c5ac80,module1,cod1:0x134,cod2:0x10,addr:0x40bdc21c00,module7,cod1:0x91,cod2:0x101,addr:0x4093c5ac80,module7,cod1:0x91,cod2:0x101,addr:0x40bc450480","port a,module1,module7"
SERVER_7134,2020-11-14 15:16:54,"module1,cod1:0x134,cod2:0x10,addr:0x29f2802580,module1,cod1:0x134,cod2:0x10,addr:0x2e194f2580,module1,cod1:0x134,cod2:0x10,addr:0x2f125225c0,module1,cod1:0x134,cod2:0x10,addr:0x4428c2580,module8,cod1:0x91,cod2:0x101,addr:0x25a3b2c1c0,module8,cod1:0x91,cod2:0x101,addr:0x29f2802580,module8,cod1:0x91,cod2:0x101,addr:0x2e194f2580,module8,cod1:0x91,cod2:0x101,addr:0x2e4f404980,module8,cod1:0x91,cod2:0x101,addr:0x2f125225c0,module8,cod1:0x91,cod2:0x101,addr:0x4428c2580","module1,module8"
SERVER_7141,2020-09-13 08:20:53,"module10,cod1:0x110a,cod2:0xc,addr:0x8ca00000",module10
SERVER_7141,2020-09-25 12:50:53,"module10,cod1:0x110a,cod2:0xc,addr:0x8ca00000",module10
SERVER_7209,2020-11-18 12:38:54,"module1,cod1:0x134,cod2:0x10,addr:0x1b6f45f6c0,module7,cod1:0x91,cod2:0x101,addr:0x1b6f45f6c0","module1,module7"
SERVER_7213,2020-09-20 06:41:53,"module1,cod1:0x134,cod2:0x10,addr:0x5eee0ff040,module7,cod1:0x90,cod2:0x101,addr:0x5eee0ff040","module1,module7"
SERVER_7216,2020-09-04 03:09:53,"module0,cod1:0x5,cod2:0x0,addr:0x0",module0
SERVER_7270,2020-08-29 17:43:53,"module9,cod1:0x1136,cod2:0x4,addr:0x7032bbc3",module9
SERVER_7280,2020-10-08 23:42:53,"port c,nointerpretableerrordata,module1,cod1:0x134,cod2:0x10,addr:0x7408466780,module8,cod1:0x91,cod2:0x101,addr:0x7408466780","port c,module1,module8"
SERVER_7301,2020-09-01 13:51:53,"module1,cod1:0x174,cod2:0x0,addr:0x0",module1
SERVER_26194,2020-10-03 13:22:54,"module9,cod1:0x17a,cod2:0xc,addr:0xa6101000",module9
SERVER_7330,2020-10-18 01:34:53,"module1,cod1:0x134,cod2:0x10,addr:0x9a2faac8c0",module1
SERVER_7330,2020-10-18 01:34:53,"module1,cod1:0x134,cod2:0x10,addr:0xda2fb6c040,module1,cod1:0x134,cod2:0x10,addr:0xfa2fa26a40",module1
SERVER_26205,2020-10-06 13:38:54,"module1,cod1:0x134,cod2:0x10,addr:0x2fe7604e00",module1
SERVER_26205,2020-10-06 13:38:54,"module1,cod1:0x134,cod2:0x10,addr:0x2fe7604e00,module7,cod1:0x91,cod2:0x101,addr:0x2fe7604e00","module1,module7"
SERVER_26215,2020-11-18 11:05:54,"module10,cod1:0x17a,cod2:0xc,addr:0x110008403000,module9,cod1:0x17a,cod2:0xc,addr:0xa1c00000","module10,module9"
SERVER_7506,2020-10-01 04:57:54,"module1,cod1:0x134,cod2:0x10,addr:0xd5e4f1900,module8,cod1:0x91,cod2:0x101,addr:0xd5e4f1900","module1,module8"
SERVER_7617,2020-09-27 06:20:54,"module4,cod1:0x400,cod2:0x80,addr:0xffffffff81719c8b",module4
SERVER_7627,2020-08-29 04:23:54,"module1,cod1:0x134,cod2:0x10,addr:0x69304ab80,module1,cod1:0x134,cod2:0x10,addr:0x6abc6af80,module8,cod1:0x91,cod2:0x101,addr:0x69304ab80","module1,module8"
SERVER_7847,2020-10-11 02:00:54,"module10,cod1:0x405,cod2:0x1f,addr:0x191ffab680,module11,cod1:0x110a,cod2:0xc,addr:0x4025f00,module11,cod1:0x110a,cod2:0xc,addr:0x47eb98a480,module14,cod1:0x405,cod2:0x400,addr:0x191ffab680,module3,cod1:0x400,cod2:0x80,addr:0x6c24ea7900,module3,cod1:0x400,cod2:0x80,addr:0x7fd7a3494987,module4,cod1:0x400,cod2:0x80,addr:0x7fb70455,module4,cod1:0x400,cod2:0x80,addr:0xffffffff813be159,module9,cod1:0x110a,cod2:0xc,addr:0x2a43f8e9c0,module9,cod1:0x110a,cod2:0xc,addr:0x7f56752980","module10,module11,module14,module3,module4,module9"
SERVER_7869,2020-08-29 11:05:53,"module1,cod1:0x134,cod2:0x10,addr:0x7f1b4fc0,module8,cod1:0x92,cod2:0x101,addr:0x7f1b4fc0","module1,module8"
SERVER_7869,2020-08-29 11:05:53,"port a,nointerpretableerrordata,module1,cod1:0x134,cod2:0x10,addr:0x5f75019b40","port a,module1"
SERVER_7938,2020-08-27 17:07:53,"module1,cod1:0x134,cod2:0x10,addr:0x4c501680",module1
SERVER_7983,2020-09-05 14:31:54,"module1,cod1:0x134,cod2:0x10,addr:0x74f0319ec0,module7,cod1:0x91,cod2:0x101,addr:0x74f0319ec0","module1,module7"
SERVER_8174,2020-11-02 02:48:54,"module1,cod1:0x134,cod2:0x10,addr:0x4c4e1680",module1
SERVER_8204,2020-10-29 08:06:53,"module2,cod1:0x19,cod2:0x1,addr:0x0",module2
SERVER_26326,2020-08-27 13:19:54,"module11,cod1:0x110a,cod2:0xc,addr:0x2040,module4,cod1:0x400,cod2:0x80,addr:0xffffffff81320eea","module11,module4"
SERVER_8323,2020-10-25 22:35:54,"module0,cod1:0x5,cod2:0x3,addr:0x0",module0
SERVER_8386,2020-09-22 20:54:53,"module1,cod1:0x134,cod2:0x10,addr:0x3854f7fb80",module1
SERVER_8399,2020-10-29 20:27:54,"module1,cod1:0x134,cod2:0x10,addr:0x7d6b907300",module1
SERVER_8416,2020-09-24 05:47:54,"module10,cod1:0x110a,cod2:0xb,addr:0x22b2f0aa40,module10,cod1:0x110a,cod2:0xc,addr:0x7fb6cb00,module11,cod1:0x110a,cod2:0xb,addr:0x3824deaac0,module11,cod1:0x110a,cod2:0xc,addr:0x4d35af06c0,module13,cod1:0x405,cod2:0x2,addr:0x0,module3,cod1:0x400,cod2:0x80,addr:0x7fb3a180,module3,cod1:0x400,cod2:0x80,addr:0x7fb58000,module4,cod1:0x400,cod2:0x80,addr:0x7f20004c5f1c,module9,cod1:0x110a,cod2:0xc,addr:0x7fb5c9c0,module9,cod1:0x405,cod2:0xa,addr:0x159de46300","module10,module11,module13,module3,module4,module9"
SERVER_8453,2020-09-03 14:13:54,"module1,cod1:0x134,cod2:0x10,addr:0x0,module7,cod1:0x90,cod2:0x101,addr:0x4938dba4c0","module1,module7"
SERVER_8485,2020-11-10 10:31:54,"module4,cod1:0x402,cod2:0x6800,addr:0x0",module4
SERVER_8519,2020-09-24 00:55:54,"port a,nointerpretableerrordata,module1,cod1:0x134,cod2:0x10,addr:0x362b9e2d80,module8,cod1:0x91,cod2:0x101,addr:0x362b9e2d80","port a,module1,module8"
SERVER_8622,2020-10-04 09:55:54,"module9,cod1:0x1136,cod2:0x4,addr:0x72f29b80",module9
SERVER_8622,2020-10-20 17:44:53,"module10,cod1:0x1136,cod2:0x4,addr:0x72616000",module10
SERVER_8676,2020-10-20 18:24:53,"module1,cod1:0x134,cod2:0x10,addr:0x3d9c937100,module1,cod1:0x134,cod2:0x10,addr:0x3f43901d80,module8,cod1:0x90,cod2:0x101,addr:0x3f43901d80","module1,module8"
SERVER_8734,2020-10-31 18:51:54,"module1,cod1:0x134,cod2:0x10,addr:0x2808aeba80,module7,cod1:0x90,cod2:0x101,addr:0x2808aeba80","module1,module7"
SERVER_8797,2020-10-26 16:45:54,"module1,cod1:0x134,cod2:0x10,addr:0x5c10929040,module7,cod1:0x92,cod2:0x101,addr:0x5c10929040","module1,module7"
SERVER_8823,2020-09-05 07:53:53,"module1,cod1:0x134,cod2:0x10,addr:0xd9f6b6b40",module1
SERVER_8836,2020-11-11 07:43:54,"module1,cod1:0x114,cod2:0x0,addr:0x5e55c53ec0",module1
SERVER_8980,2020-10-01 05:16:54,"module1,cod1:0x134,cod2:0x10,addr:0x164c945c40,module1,cod1:0x134,cod2:0x10,addr:0x1672a09440,module7,cod1:0x91,cod2:0x101,addr:0x164c945c40,module7,cod1:0x91,cod2:0x101,addr:0x1672a09440","module1,module7"
SERVER_9041,2020-08-31 11:45:54,"module7,cod1:0x92,cod2:0x101,addr:0xbd6f452c00",module7
SERVER_9171,2020-08-28 18:21:53,"module4,cod1:0x402,cod2:0x6800,addr:0x0",module4
SERVER_9335,2020-08-29 17:25:54,"module1,cod1:0x134,cod2:0x10,addr:0x2507743980,module8,cod1:0x90,cod2:0x101,addr:0x2507743980","module1,module8"
SERVER_9440,2020-09-28 17:13:54,"module1,cod1:0x134,cod2:0x10,addr:0x69b6108fc0,module1,cod1:0x134,cod2:0x10,addr:0x69ef0a9b40,module8,cod1:0x92,cod2:0x101,addr:0x69b6108fc0","module1,module8"
SERVER_9469,2020-11-17 00:55:54,"module1,cod1:0x134,cod2:0x10,addr:0x3209c84940,module8,cod1:0x92,cod2:0x101,addr:0x3209c84940","module1,module8"
SERVER_26492,2020-11-25 11:03:00,"module10,cod1:0x110a,cod2:0xc,addr:0x70ef30c0,module11,cod1:0x110a,cod2:0xc,addr:0x70ef3040,module7,cod1:0x400,cod2:0x20,addr:0x0,module9,cod1:0x110a,cod2:0xc,addr:0x70ef3000","module10,module11,module7,module9"
SERVER_9560,2020-11-16 10:37:54,"module1,cod1:0x134,cod2:0x10,addr:0xa01455980,module8,cod1:0x91,cod2:0x101,addr:0xa01455980","module1,module8"
SERVER_9634,2020-11-17 06:17:54,"module1,cod1:0x134,cod2:0x10,addr:0xb72c2a0a00,module7,cod1:0x90,cod2:0x101,addr:0x343c62c0,module7,cod1:0x90,cod2:0x101,addr:0xb72c2a0a00","module1,module7"
SERVER_9675,2020-09-14 04:00:54,"module1,cod1:0x134,cod2:0x10,addr:0x39e5a3bd80,module8,cod1:0x92,cod2:0x101,addr:0x39e5a3bd80","module1,module8"
SERVER_9678,2020-10-08 01:38:54,"module1,cod1:0x134,cod2:0x10,addr:0x1c116d6a00",module1
SERVER_9678,2020-10-23 19:02:54,"module1,cod1:0x134,cod2:0x10,addr:0x6ff4a000",module1
SERVER_10108,2020-11-05 04:34:53,"module3,cod1:0x400,cod2:0x80,addr:0x564a654b3f20,module4,cod1:0x400,cod2:0x80,addr:0x564a654b3f20","module3,module4"
SERVER_26527,2020-10-15 15:53:53,"module8,cod1:0x92,cod2:0x101,addr:0x25a37485c0",module8
SERVER_10180,2020-09-14 08:22:53,"module1,cod1:0x134,cod2:0x10,addr:0x0,module8,cod1:0x90,cod2:0x101,addr:0x1ab420b3c0","module1,module8"
SERVER_10227,2020-10-19 00:50:54,"module1,cod1:0x134,cod2:0x10,addr:0x2d0ddbf340,module8,cod1:0x91,cod2:0x101,addr:0x2d0ddbf340","module1,module8"
SERVER_26532,2020-10-17 16:38:54,"module0,cod1:0x5,cod2:0xe,addr:0x0",module0
SERVER_10333,2020-09-14 15:10:53,"port a,nointerpretableerrordata,module1,cod1:0x134,cod2:0x10,addr:0x9190cccc0,module7,cod1:0x90,cod2:0x101,addr:0x9190cccc0","port a,module1,module7"
SERVER_10448,2020-09-18 20:17:54,"module9,cod1:0x110a,cod2:0xc,addr:0xee501000",module9
SERVER_10459,2020-10-01 05:26:54,"module1,cod1:0x134,cod2:0x10,addr:0x0,module7,cod1:0x92,cod2:0x101,addr:0x4b0cc2040","module1,module7"
SERVER_10466,2020-10-02 08:49:54,"module1,cod1:0x134,cod2:0x10,addr:0x56f4864400,module7,cod1:0x90,cod2:0x101,addr:0x56f4864400","module1,module7"
SERVER_10473,2020-10-07 07:03:54,"module3,cod1:0x400,cod2:0x80,addr:0x7f945563bfdf,module4,cod1:0x400,cod2:0x80,addr:0x7f945563bfdf","module3,module4"
SERVER_10476,2020-09-01 23:23:54,"module1,cod1:0x134,cod2:0x10,addr:0x8040246140",module1
SERVER_10478,2020-09-18 16:43:54,"module9,cod1:0x110a,cod2:0xc,addr:0xee501000",module9
SERVER_10480,2020-11-01 23:46:53,"module1,cod1:0x134,cod2:0x10,addr:0x0,module7,cod1:0x90,cod2:0x101,addr:0x3002d3a4c0","module1,module7"
SERVER_10530,2020-10-24 15:46:53,"in traffic control,itceccuncorrectederrorinthedat_dwordrf,in traffic control,itcirpcreditoverflow,in traffic control,itcparityerrorintheincomingdatafrompcie,irpp0,parityerror,pcie rootport 0:0.0,acsviolation,pcie rootport 0:0.0,atomicopegressblock,pcie rootport 0:0.0,completionabort,pcie rootport 0:0.0,completiontimeout,pcie rootport 0:0.0,datalinkerror,pcie rootport 0:0.0,ecrcerror,pcie rootport 0:0.0,flowcontrolerror,pcie rootport 0:0.0,mcblockedtlp,pcie rootport 0:0.0,malformedtlp,pcie rootport 0:0.0,poisonedtlp,pcie rootport 0:0.0,receivedanunsupportedrequest,pcie rootport 0:0.0,receiverbufferoverflow,pcie rootport 0:0.0,surprisedownerror,pcie rootport 0:0.0,tlpprefixblockederror,pcie rootport 0:0.0,uncorrectableinternalerror,pcie rootport 0:0.0,unexpectedcompetion,module10,cod1:0x110a,cod2:0xf,addr:0x800fd000,module12,cod1:0xe0f,cod2:0x212,addr:0x0,module12,cod1:0xe0f,cod2:0x30,addr:0x0,module19,cod1:0xe0f,cod2:0x30,addr:0x0,module5,cod1:0xe0f,cod2:0x30,addr:0x0,module9,cod1:0x110a,cod2:0xc,addr:0x7fb5fd00","in traffic control,irpp0,pcie rootport 0:0.0,module10,module12,module19,module5,module9"
SERVER_10530,2020-10-30 17:46:54,"module12,cod1:0xe0f,cod2:0x30,addr:0x0,module19,cod1:0xe0f,cod2:0x30,addr:0x0,module5,cod1:0xe0f,cod2:0x30,addr:0x0","module12,module19,module5"
SERVER_10530,2020-11-11 15:35:54,"module12,cod1:0xe0f,cod2:0x30,addr:0x0,module19,cod1:0xe0f,cod2:0x30,addr:0x0,module5,cod1:0xe0f,cod2:0x30,addr:0x0,module9,cod1:0x110a,cod2:0xc,addr:0x7fb64dc0","module12,module19,module5,module9"
SERVER_10530,2020-11-11 15:35:54,"irpp0,parityerror,pcie rootport 0:0.0,acsviolation,pcie rootport 0:0.0,atomicopegressblock,pcie rootport 0:0.0,completionabort,pcie rootport 0:0.0,completiontimeout,pcie rootport 0:0.0,datalinkerror,pcie rootport 0:0.0,ecrcerror,pcie rootport 0:0.0,flowcontrolerror,pcie rootport 0:0.0,mcblockedtlp,pcie rootport 0:0.0,malformedtlp,pcie rootport 0:0.0,poisonedtlp,pcie rootport 0:0.0,receivedanunsupportedrequest,pcie rootport 0:0.0,receiverbufferoverflow,pcie rootport 0:0.0,surprisedownerror,pcie rootport 0:0.0,tlpprefixblockederror,pcie rootport 0:0.0,uncorrectableinternalerror,pcie rootport 0:0.0,unexpectedcompetion,module4,cod1:0x134,cod2:0x10,addr:0x3c0","irpp0,pcie rootport 0:0.0,module4"
SERVER_10533,2020-09-12 06:13:54,"module1,cod1:0x134,cod2:0x10,addr:0x135842f1c0,module1,cod1:0x134,cod2:0x10,addr:0x35840ed40,module8,cod1:0x90,cod2:0x101,addr:0x135842f1c0,module8,cod1:0x90,cod2:0x101,addr:0x35840ed40","module1,module8"
SERVER_10570,2020-11-03 21:23:53,"module1,cod1:0x134,cod2:0x10,addr:0x13fa80f540,module8,cod1:0x91,cod2:0x101,addr:0x13fa80f540","module1,module8"
SERVER_10773,2020-10-06 05:38:54,"module1,cod1:0x134,cod2:0x10,addr:0x6ff2dec0",module1
SERVER_10907,2020-10-25 20:38:53,"module1,cod1:0x134,cod2:0x10,addr:0x8288a81e80,module7,cod1:0x92,cod2:0x101,addr:0x8288a81e80","module1,module7"
SERVER_10922,2020-09-25 19:32:54,"module1,cod1:0x134,cod2:0x10,addr:0x1b4feb1940,module8,cod1:0x90,cod2:0x101,addr:0x1b4feb1940","module1,module8"
SERVER_10938,2020-10-08 15:17:53,"module1,cod1:0x134,cod2:0x10,addr:0x5b20cd1080,module7,cod1:0x92,cod2:0x101,addr:0x5b20cd1080","module1,module7"
SERVER_26582,2020-11-09 18:14:54,"module5,cod1:0x405,cod2:0x8012,addr:0x1268b80,module9,cod1:0x405,cod2:0x1f,addr:0x1268b81","module5,module9"
SERVER_11483,2020-09-14 11:18:54,"module0,cod1:0x150,cod2:0xc,addr:0x7fba98c0,module1,cod1:0x134,cod2:0x10,addr:0x158fd960c0,module1,cod1:0x134,cod2:0x10,addr:0x2ddb6cc0","module0,module1"
SERVER_11929,2020-11-12 17:56:54,"module7,cod1:0x90,cod2:0x101,addr:0x7e25bf80c0",module7
SERVER_12465,2020-11-02 08:21:53,"module4,cod1:0x402,cod2:0x4b00,addr:0x0",module4
SERVER_12497,2020-11-11 09:25:54,"module7,cod1:0x90,cod2:0x101,addr:0x644aca7280,module7,cod1:0x90,cod2:0x101,addr:0x644ad27280",module7
SERVER_12497,2020-11-11 09:25:54,"module7,cod1:0x90,cod2:0x101,addr:0x6980c2b280",module7
SERVER_12512,2020-10-05 06:16:54,"module1,cod1:0x134,cod2:0x10,addr:0x7f357c1b80",module1
SERVER_12530,2020-10-24 01:35:53,"module7,cod1:0x90,cod2:0x101,addr:0x3f0db078c0",module7
SERVER_12648,2020-11-07 15:52:54,"module8,cod1:0x92,cod2:0x101,addr:0x1b25c03dc0,module8,cod1:0x92,cod2:0x101,addr:0x2ade4140",module8
SERVER_12655,2020-11-03 08:21:54,"module10,cod1:0x110a,cod2:0xb,addr:0xba77e91c0",module10
SERVER_12752,2020-09-12 14:01:53,"module1,cod1:0x174,cod2:0x0,addr:0x0",module1
SERVER_12897,2020-09-16 05:29:53,"module1,cod1:0x174,cod2:0x0,addr:0x0",module1
SERVER_13055,2020-09-28 05:55:54,"module1,cod1:0x134,cod2:0x10,addr:0xa0eefc7cc0,module1,cod1:0x134,cod2:0x10,addr:0xa7c1c87cc0,module1,cod1:0x134,cod2:0x10,addr:0xb93c247c80,module7,cod1:0x90,cod2:0x101,addr:0xa0eefc7cc0,module7,cod1:0x90,cod2:0x101,addr:0xa7c1c87cc0,module7,cod1:0x90,cod2:0x101,addr:0xb93c247c80","module1,module7"
SERVER_13176,2020-10-26 19:52:54,"module3,cod1:0x1179,cod2:0x1,addr:0x66ad661400",module3
SERVER_13200,2020-11-09 07:06:53,"module1,cod1:0x134,cod2:0x10,addr:0x2f97dcbb80",module1
SERVER_13281,2020-11-03 04:37:55,"module1,cod1:0x134,cod2:0x10,addr:0x1ba4b7fc40,module7,cod1:0x92,cod2:0x101,addr:0x1e7f00440","module1,module7"
SERVER_13284,2020-10-21 04:47:53,"module10,cod1:0x110a,cod2:0xc,addr:0x5ee9497b00,module3,cod1:0x400,cod2:0x80,addr:0xffffffff814ee022,module3,cod1:0x400,cod2:0x80,addr:0xffffffff81655135,module4,cod1:0x400,cod2:0x80,addr:0xffffffff810c7abc,module4,cod1:0x400,cod2:0x80,addr:0xffffffff81655135","module10,module3,module4"
SERVER_13322,2020-09-20 04:18:53,"module1,cod1:0x134,cod2:0x10,addr:0xe90d9fdc0",module1
SERVER_13343,2020-10-26 22:54:53,"module9,cod1:0x110a,cod2:0xc,addr:0x86001000",module9
SERVER_13442,2020-11-05 07:37:53,"module1,cod1:0x134,cod2:0x10,addr:0x16b30358c0",module1
SERVER_13461,2020-10-24 20:08:54,"module1,cod1:0x134,cod2:0x10,addr:0xc278e14c0",module1
SERVER_13467,2020-10-06 16:53:53,"module9,cod1:0x110a,cod2:0xc,addr:0x39800480b000",module9
SERVER_13480,2020-10-03 05:32:53,"module1,cod1:0x134,cod2:0x10,addr:0x3460b9f200,module7,cod1:0x92,cod2:0x101,addr:0x3460b9f200","module1,module7"
SERVER_13498,2020-11-17 10:56:53,"module7,cod1:0x90,cod2:0x101,addr:0xba9948c080,module7,cod1:0x90,cod2:0x101,addr:0xbc4983e800",module7
SERVER_26671,2020-11-06 20:55:53,"module1,cod1:0x134,cod2:0x10,addr:0xbd7b7f7c40",module1
SERVER_13536,2020-10-12 11:12:54,"module7,cod1:0x90,cod2:0x101,addr:0x3f5574ec80",module7
SERVER_13612,2020-09-19 02:29:54,"module1,cod1:0x134,cod2:0x10,addr:0x6f53b340",module1
SERVER_14405,2020-10-03 01:15:54,"module8,cod1:0x90,cod2:0x101,addr:0x5644d0ad40",module8
SERVER_14541,2020-09-16 07:49:53,"module7,cod1:0x90,cod2:0x101,addr:0x7ecfa06800",module7
SERVER_26699,2020-10-07 12:05:53,"module7,cod1:0x90,cod2:0x101,addr:0x22a8278c0",module7
SERVER_15086,2020-09-13 12:32:54,"module9,cod1:0x1136,cod2:0x4,addr:0x7fcfc040",module9
SERVER_15100,2020-09-02 19:15:53,"module1,cod1:0x134,cod2:0x10,addr:0x5ef2b4e400,module1,cod1:0x134,cod2:0x10,addr:0x7be3cdc00",module1
SERVER_15311,2020-10-22 19:49:53,"module0,cod1:0x5,cod2:0x7,addr:0x0",module0
SERVER_26719,2020-09-10 20:21:54,"module1,cod1:0x114,cod2:0x0,addr:0x7e44984ac0",module1
SERVER_15407,2020-09-02 10:53:53,"module0,cod1:0x5,cod2:0x3,addr:0x0",module0
SERVER_15589,2020-09-26 15:27:54,"module8,cod1:0x90,cod2:0x101,addr:0x807ffd91c0",module8
SERVER_15738,2020-09-06 02:15:53,"module8,cod1:0x92,cod2:0x101,addr:0x668b4f00",module8
SERVER_15738,2020-09-06 02:15:53,"module8,cod1:0x92,cod2:0x101,addr:0xba70791b00",module8
SERVER_15848,2020-09-10 13:25:54,"module1,cod1:0x134,cod2:0x10,addr:0x154e40a100,module8,cod1:0x90,cod2:0x101,addr:0x154e40a100","module1,module8"
SERVER_15982,2020-09-08 07:45:54,"module9,cod1:0x110a,cod2:0xc,addr:0xee501000",module9
SERVER_16031,2020-10-24 13:09:53,"module10,cod1:0x110a,cod2:0xc,addr:0x8c578000",module10
SERVER_16060,2020-09-03 15:51:53,"module9,cod1:0x110a,cod2:0xc,addr:0xee501000",module9
SERVER_16468,2020-09-25 19:53:53,"module1,cod1:0x134,cod2:0x10,addr:0x52bba45d80,module8,cod1:0x91,cod2:0x101,addr:0x52bba45d80","module1,module8"
SERVER_16496,2020-09-29 15:55:53,"module1,cod1:0x134,cod2:0x10,addr:0xc017f4e740,module8,cod1:0x90,cod2:0x101,addr:0xc017f4e740","module1,module8"
SERVER_16536,2020-09-21 10:32:54,"module0,cod1:0x150,cod2:0xc,addr:0x92abb969c0,module8,cod1:0x91,cod2:0x101,addr:0x92abb969c0","module0,module8"
SERVER_26792,2020-10-17 12:54:53,"module4,cod1:0x402,cod2:0x2e00,addr:0x0",module4
SERVER_16701,2020-09-21 03:45:53,"module1,cod1:0x134,cod2:0x10,addr:0xbbdcf6e600,module7,cod1:0x91,cod2:0x101,addr:0xba8dd29ac0,module7,cod1:0x91,cod2:0x101,addr:0xbbdcf6e600","module1,module7"
SERVER_16947,2020-10-06 16:33:54,"module1,cod1:0x134,cod2:0x10,addr:0x2d84ea5080",module1
SERVER_16947,2020-10-06 16:33:54,"module1,cod1:0x134,cod2:0x10,addr:0x2d86c8c480,module1,cod1:0x134,cod2:0x10,addr:0x2dddced080,module1,cod1:0x134,cod2:0x10,addr:0x2ddeea3880,module1,cod1:0x134,cod2:0x10,addr:0x2ddf519480,module1,cod1:0x134,cod2:0x10,addr:0x2de1906880,module1,cod1:0x134,cod2:0x10,addr:0x2de24ee880,module1,cod1:0x134,cod2:0x10,addr:0x2de5aa5080,module1,cod1:0x134,cod2:0x10,addr:0x2de7f1b880,module7,cod1:0x92,cod2:0x101,addr:0x2ddeea3880,module7,cod1:0x92,cod2:0x101,addr:0x2ddf519480,module7,cod1:0x92,cod2:0x101,addr:0x2de12d6880,module7,cod1:0x92,cod2:0x101,addr:0x2de7f1b880,module7,cod1:0xa2,cod2:0x104,addr:0x2dddced080","module1,module7"
SERVER_16972,2020-10-24 13:10:53,"module1,cod1:0x134,cod2:0x10,addr:0xbd5749080,module7,cod1:0x91,cod2:0x101,addr:0xbd5749080","module1,module7"
SERVER_17094,2020-11-20 19:17:03,"module1,cod1:0x134,cod2:0x10,addr:0x0,module7,cod1:0x90,cod2:0x101,addr:0x1bbc2ebac0","module1,module7"
SERVER_17172,2020-09-13 13:09:53,"module1,cod1:0x134,cod2:0x10,addr:0xa95e479cc0,module7,cod1:0x91,cod2:0x101,addr:0xa95e479cc0","module1,module7"
SERVER_17187,2020-11-08 04:52:54,"module1,cod1:0x134,cod2:0x10,addr:0x85600f09c0,module8,cod1:0x91,cod2:0x101,addr:0x85600f09c0","module1,module8"
SERVER_17277,2020-10-07 10:22:54,"module10,cod1:0x110a,cod2:0xc,addr:0xdf908000",module10
SERVER_17377,2020-11-14 07:53:54,"module7,cod1:0x91,cod2:0x101,addr:0xbdeee80800",module7
SERVER_17400,2020-09-25 14:34:54,"module1,cod1:0x134,cod2:0x10,addr:0x2b3047000,module7,cod1:0x90,cod2:0x101,addr:0x2b3047000","module1,module7"
SERVER_17470,2020-11-11 12:50:54,"module1,cod1:0x134,cod2:0x10,addr:0x1806ffff100,module8,cod1:0x91,cod2:0x101,addr:0x1806ffff180","module1,module8"
SERVER_17473,2020-09-09 19:11:53,"module9,cod1:0x110a,cod2:0xc,addr:0x8a428000",module9
SERVER_17504,2020-09-20 05:46:54,"module1,cod1:0x134,cod2:0x10,addr:0x604ad37740",module1
SERVER_17563,2020-09-19 04:19:53,"module1,cod1:0x134,cod2:0x10,addr:0x54685f600,module1,cod1:0x134,cod2:0x10,addr:0x6054916c0",module1
SERVER_17563,2020-10-12 05:18:53,"module11,cod1:0x110a,cod2:0xc,addr:0x8178a000",module11
SERVER_26873,2020-09-13 19:53:54,"module3,cod1:0x135,cod2:0x20,addr:0x7f210b7be0",module3
SERVER_17569,2020-11-21 14:51:58,"module4,cod1:0x400,cod2:0x80,addr:0xbcffe3",module4
SERVER_26881,2020-09-25 16:36:54,"module11,cod1:0x405,cod2:0xa,addr:0xfe6c5554c0",module11
SERVER_17586,2020-10-11 03:31:54,"module1,cod1:0x134,cod2:0x10,addr:0x3bfbf16980,module1,cod1:0x134,cod2:0x10,addr:0x3c33633a80,module1,cod1:0x134,cod2:0x10,addr:0x5bf7279900,module1,cod1:0x134,cod2:0x10,addr:0x5c19c1e380,module1,cod1:0x134,cod2:0x10,addr:0x7c250fa900",module1
SERVER_17587,2020-11-22 10:59:59,"module1,cod1:0x134,cod2:0x10,addr:0x7638cdb400,module1,cod1:0x134,cod2:0x10,addr:0x764eb10f80",module1
SERVER_17605,2020-10-03 22:29:54,"module9,cod1:0x110a,cod2:0xb,addr:0x716eb563c0",module9
SERVER_17698,2020-10-12 01:12:53,"module7,cod1:0x91,cod2:0x1,addr:0x47fc72000",module7
SERVER_17742,2020-09-23 17:13:54,"module7,cod1:0x90,cod2:0x1,addr:0x739404080,module7,cod1:0x90,cod2:0x1,addr:0x739405000,module7,cod1:0x90,cod2:0x1,addr:0x739407000,module7,cod1:0x90,cod2:0x1,addr:0x73940d000",module7
SERVER_17743,2020-11-12 05:15:54,"module3,cod1:0x165,cod2:0x30,addr:0x418ab41c0,module3,cod1:0x189,cod2:0x30,addr:0x4a16de400,module7,cod1:0x91,cod2:0x1,addr:0x4a1fb6640,module7,cod1:0x91,cod2:0x1,addr:0x4a1fbc040,module7,cod1:0x91,cod2:0x1,addr:0x4a1fbe040","module3,module7"
SERVER_26903,2020-11-15 02:38:54,"module10,cod1:0xc1,cod2:0x10,addr:0x36bf9ffc0,module7,cod1:0x91,cod2:0x1,addr:0x36bf840c0,module7,cod1:0x91,cod2:0x1,addr:0x36bf85040,module7,cod1:0x91,cod2:0x1,addr:0x36bf87040,module7,cod1:0x91,cod2:0x1,addr:0x36bf8d040,module7,cod1:0x91,cod2:0x1,addr:0x36bf8f040","module10,module7"
SERVER_17765,2020-10-26 20:54:54,"module7,cod1:0x91,cod2:0x1,addr:0x185419340",module7
SERVER_17789,2020-09-12 03:55:54,"module7,cod1:0x91,cod2:0x1,addr:0x29c290080,module7,cod1:0x91,cod2:0x1,addr:0x29e080000,module7,cod1:0x91,cod2:0x1,addr:0x29e093000",module7
SERVER_18031,2020-09-30 07:47:54,"module1,cod1:0x134,cod2:0x10,addr:0x0,module1,cod1:0x134,cod2:0x10,addr:0x33ec5cc0",module1
SERVER_18079,2020-09-01 12:09:54,"module11,cod1:0x405,cod2:0x1f,addr:0x540f70081",module11
SERVER_18297,2020-10-07 06:43:54,"module9,cod1:0x110a,cod2:0xb,addr:0x1e56a52cc0",module9
SERVER_18459,2020-11-13 21:10:54,"module10,cod1:0x405,cod2:0xa,addr:0x4e10e2e040",module10
SERVER_18459,2020-11-13 21:10:54,"module3,cod1:0x5,cod2:0x40,addr:0x0",module3
SERVER_19085,2020-10-03 13:38:54,"module8,cod1:0x91,cod2:0x101,addr:0x3f564c2f00",module8
SERVER_19368,2020-09-09 10:19:53,"module11,cod1:0x110a,cod2:0xb,addr:0x30f91196c0,module3,cod1:0x400,cod2:0x80,addr:0x5810815880,module3,cod1:0x400,cod2:0x80,addr:0x77b45880,module4,cod1:0x407,cod2:0x40,addr:0x0,module9,cod1:0x110a,cod2:0xb,addr:0x30f91194c0","module11,module3,module4,module9"
SERVER_19369,2020-09-05 12:09:53,"module1,cod1:0x134,cod2:0x10,addr:0x0,module7,cod1:0x90,cod2:0x101,addr:0x2a17fa8ac0","module1,module7"
SERVER_19502,2020-11-18 21:36:54,"module1,cod1:0x134,cod2:0x10,addr:0x83c536c80,module7,cod1:0x91,cod2:0x101,addr:0x83c536c80","module1,module7"
SERVER_19503,2020-11-15 12:12:54,"module1,cod1:0x134,cod2:0x10,addr:0x227a292000,module7,cod1:0x91,cod2:0x101,addr:0x227a292000","module1,module7"
SERVER_26948,2020-10-30 14:57:55,"module0,cod1:0x5,cod2:0x2,addr:0x0",module0
SERVER_26951,2020-11-11 00:45:54,"module10,cod1:0x110a,cod2:0xc,addr:0x800e6000,module4,cod1:0x400,cod2:0x80,addr:0x7ecdd72b","module10,module4"
SERVER_19598,2020-09-04 06:17:54,"module1,cod1:0x134,cod2:0x10,addr:0x1e107a20c0,module1,cod1:0x134,cod2:0x10,addr:0xdb523d800,module7,cod1:0x90,cod2:0x101,addr:0x20561fe040","module1,module7"
SERVER_19614,2020-08-29 12:19:53,"module1,cod1:0x134,cod2:0x10,addr:0x83899e1c0",module1
SERVER_26965,2020-10-31 20:16:54,"module1,cod1:0x134,cod2:0x10,addr:0x13f2ecd740,module8,cod1:0x91,cod2:0x101,addr:0x13f2ecd740","module1,module8"
SERVER_26967,2020-10-22 08:59:54,"module1,cod1:0x134,cod2:0x10,addr:0x0,module8,cod1:0x91,cod2:0x101,addr:0x1c297d2580","module1,module8"
SERVER_19840,2020-10-31 07:54:54,"module1,cod1:0x134,cod2:0x10,addr:0x1e1ee2b0c0,module1,cod1:0x134,cod2:0x10,addr:0x51e8d1040,module7,cod1:0x90,cod2:0x101,addr:0x51e8d1040","module1,module7"
SERVER_19885,2020-10-31 20:20:54,"module11,cod1:0x110a,cod2:0xc,addr:0xee680c00,module4,cod1:0x400,cod2:0x80,addr:0x4009fa,module4,cod1:0x400,cod2:0x80,addr:0xffffffff8174dc27,module9,cod1:0x110a,cod2:0xc,addr:0xee501000","module11,module4,module9"
SERVER_20188,2020-11-06 05:08:53,"module1,cod1:0x134,cod2:0x10,addr:0x1d4e7cec0,module1,cod1:0x134,cod2:0x10,addr:0x2c072d2c0,module1,cod1:0x134,cod2:0x10,addr:0x6788a3cec0",module1
SERVER_20235,2020-09-07 11:33:53,"module1,cod1:0x134,cod2:0x10,addr:0x0,module8,cod1:0x90,cod2:0x101,addr:0x4751073900","module1,module8"
SERVER_27064,2020-09-25 14:08:53,"module1,cod1:0x134,cod2:0x10,addr:0x1b311fe300",module1
SERVER_20285,2020-10-10 20:29:54,"module3,cod1:0x400,cod2:0x80,addr:0x40fa900,module9,cod1:0x110a,cod2:0xc,addr:0xee501000","module3,module9"
SERVER_20342,2020-09-27 06:17:54,"module2,cod1:0x14,cod2:0x0,addr:0x0",module2
SERVER_20355,2020-11-01 03:41:54,"module10,cod1:0x110a,cod2:0xc,addr:0x259e7b8300,module10,cod1:0x110a,cod2:0xc,addr:0x2a4a7f9fc0,module11,cod1:0x110a,cod2:0xc,addr:0x1db9700,module11,cod1:0x110a,cod2:0xc,addr:0x2368a38f80,module3,cod1:0x400,cod2:0x80,addr:0xffffffff810b92b6,module3,cod1:0x400,cod2:0x80,addr:0xffffffff810bde73,module4,cod1:0x400,cod2:0x80,addr:0xffffffff810bde73,module9,cod1:0x110a,cod2:0xc,addr:0x1947180","module10,module11,module3,module4,module9"
SERVER_20404,2020-09-26 00:42:54,"module10,cod1:0x110a,cod2:0xc,addr:0x48c4b80,module11,cod1:0x110a,cod2:0xc,addr:0x236d440,module11,cod1:0x110a,cod2:0xc,addr:0x236d640,module3,cod1:0x400,cod2:0x80,addr:0x7fb33e80,module3,cod1:0x400,cod2:0x80,addr:0xffffffff81877661,module4,cod1:0x400,cod2:0x80,addr:0xffffffff8128c02a,module4,cod1:0x400,cod2:0x80,addr:0xffffffff81877661,module9,cod1:0x110a,cod2:0xc,addr:0x236d400","module10,module11,module3,module4,module9"
SERVER_20404,2020-10-13 04:54:54,"module11,cod1:0x110a,cod2:0xc,addr:0x7f496540,module4,cod1:0x400,cod2:0x80,addr:0x7fb78493,module9,cod1:0x110a,cod2:0xc,addr:0x7f496140","module11,module4,module9"
SERVER_27078,2020-09-18 13:15:53,"module1,cod1:0x134,cod2:0x10,addr:0x341ba51a00,module7,cod1:0x91,cod2:0x101,addr:0x341ba51a00","module1,module7"
SERVER_20439,2020-10-14 03:43:53,"module1,cod1:0x134,cod2:0x10,addr:0x134cc4900,module1,cod1:0x134,cod2:0x10,addr:0x175cd3140,module1,cod1:0x134,cod2:0x10,addr:0x1ea752940,module8,cod1:0x90,cod2:0x101,addr:0x134cc4900,module8,cod1:0x90,cod2:0x101,addr:0x1ea752940","module1,module8"
SERVER_20501,2020-08-30 03:55:54,"port a,nointerpretableerrordata,module1,cod1:0x134,cod2:0x10,addr:0x1059d910c0,module7,cod1:0x90,cod2:0x101,addr:0x1059d910c0","port a,module1,module7"
SERVER_20526,2020-08-27 18:45:53,"module11,cod1:0x1136,cod2:0x4,addr:0x711cff42",module11
SERVER_20548,2020-10-31 18:03:53,"module11,cod1:0x110a,cod2:0xc,addr:0xe0d01000",module11
SERVER_20588,2020-09-11 19:47:54,"pcie rootport 2b:3.0,acsviolation,pcie rootport 2b:3.0,atomicopegressblock,pcie rootport 2b:3.0,completionabort,pcie rootport 2b:3.0,completiontimeout,pcie rootport 2b:3.0,datalinkerror,pcie rootport 2b:3.0,ecrcerror,pcie rootport 2b:3.0,flowcontrolerror,pcie rootport 2b:3.0,mcblockedtlp,pcie rootport 2b:3.0,malformedtlp,pcie rootport 2b:3.0,poisonedtlp,pcie rootport 2b:3.0,receivedanunsupportedrequest,pcie rootport 2b:3.0,receiverbufferoverflow,pcie rootport 2b:3.0,surprisedownerror,pcie rootport 2b:3.0,tlpprefixblockederror,pcie rootport 2b:3.0,uncorrectableinternalerror,pcie rootport 2b:3.0,unexpectedcompetion,port a,nointerpretableerrordata,module8,cod1:0x90,cod2:0x101,addr:0x7fb4f940","pcie rootport 2b:3.0,port a,module8"
SERVER_20601,2020-09-07 17:39:54,"module1,cod1:0x134,cod2:0x10,addr:0xa12fcb75c0,module8,cod1:0x90,cod2:0x101,addr:0xa12fcb75c0","module1,module8"
SERVER_20605,2020-09-27 16:27:54,"port a,nointerpretableerrordata,module1,cod1:0x134,cod2:0x10,addr:0x2603ff3500,module8,cod1:0x91,cod2:0x101,addr:0x2603ff9580","port a,module1,module8"
SERVER_22464,2020-10-02 20:36:53,"module7,cod1:0x91,cod2:0x1,addr:0x280015000",module7
SERVER_22481,2020-10-26 08:03:53,"module3,cod1:0x189,cod2:0x30,addr:0x1dac28e40,module7,cod1:0x90,cod2:0x1,addr:0x426284040","module3,module7"
SERVER_22483,2020-09-10 17:53:53,"module3,cod1:0x189,cod2:0x30,addr:0x173fe8dc0,module3,cod1:0x189,cod2:0x30,addr:0x54ba654c0",module3
SERVER_27326,2020-10-06 12:16:54,"module3,cod1:0x189,cod2:0x30,addr:0x4af4624c0,module3,cod1:0x189,cod2:0x30,addr:0x4af6624c0,module3,cod1:0x189,cod2:0x30,addr:0x4af822480",module3
SERVER_27326,2020-10-06 12:16:54,"module3,cod1:0x189,cod2:0x30,addr:0x4afbd9680,module3,cod1:0x189,cod2:0x30,addr:0x4afbeccc0",module3
SERVER_22532,2020-11-06 01:52:54,"module17,cod1:0x10a,cod2:0xc,addr:0x183e9c801000,module19,cod1:0x110a,cod2:0xc,addr:0x183e9c101200,module3,cod1:0x400,cod2:0x80,addr:0x2c57ef000,module3,cod1:0x400,cod2:0x80,addr:0x5c73ba580,module3,cod1:0x400,cod2:0x80,addr:0x7fb48ce8ca90,module4,cod1:0x400,cod2:0x80,addr:0x7fb48ce8ca90","module17,module19,module3,module4"
SERVER_22558,2020-10-16 15:58:54,"module3,cod1:0x179,cod2:0x30,addr:0x16de840",module3
SERVER_22571,2020-10-10 12:15:54,"module3,cod1:0x101,cod2:0x30,addr:0x49604c180,module3,cod1:0x101,cod2:0x30,addr:0x49604c1c0,module3,cod1:0x101,cod2:0x30,addr:0x49e415080,module3,cod1:0x101,cod2:0x30,addr:0x49e415240,module3,cod1:0x135,cod2:0x30,addr:0x49e415340,module3,cod1:0x145,cod2:0x30,addr:0x49e40d0c0,module3,cod1:0x189,cod2:0x30,addr:0x49586c240,module3,cod1:0x189,cod2:0x30,addr:0x49db152c0",module3
SERVER_22571,2020-10-10 12:15:54,"module3,cod1:0x101,cod2:0x30,addr:0x49e415240,module3,cod1:0x145,cod2:0x30,addr:0x49e40d0c0",module3
SERVER_22583,2020-09-23 14:49:54,"module3,cod1:0x189,cod2:0x30,addr:0x4bd040300,module3,cod1:0x189,cod2:0x30,addr:0x4bd4af840,module3,cod1:0x189,cod2:0x30,addr:0x4bd6c0440",module3
SERVER_22583,2020-09-23 14:49:54,"module3,cod1:0x189,cod2:0x30,addr:0x4bd472cc0,module3,cod1:0x189,cod2:0x30,addr:0x4bd580440,module3,cod1:0x189,cod2:0x30,addr:0x4bd6c0480",module3
SERVER_27337,2020-11-22 08:29:57,"module3,cod1:0x400,cod2:0x80,addr:0xffffffff81101bcc,module4,cod1:0x400,cod2:0x80,addr:0xffffffff81101bcc","module3,module4"
SERVER_22626,2020-09-23 04:05:53,"module19,cod1:0x110a,cod2:0xb,addr:0x6f68600",module19
SERVER_22656,2020-11-01 13:11:54,"module3,cod1:0x145,cod2:0x30,addr:0x51d6fd040,module7,cod1:0x91,cod2:0x1,addr:0x49c17c00","module3,module7"
SERVER_22685,2020-11-21 13:42:57,"module3,cod1:0x189,cod2:0x30,addr:0x3ba445540,module7,cod1:0x90,cod2:0x1,addr:0x3bb305000","module3,module7"
SERVER_27351,2020-11-18 12:10:53,"module3,cod1:0x179,cod2:0x30,addr:0x11b9140,module3,cod1:0x189,cod2:0x30,addr:0x10385bb480,module3,cod1:0x189,cod2:0x30,addr:0x747e3f080,module7,cod1:0x91,cod2:0x1,addr:0x4f25a0080,module7,cod1:0x91,cod2:0x1,addr:0x4f25b0000,module7,cod1:0x91,cod2:0x1,addr:0x4f25c0000","module3,module7"
SERVER_27351,2020-11-18 12:10:53,"module3,cod1:0x189,cod2:0x30,addr:0x3940b80,module3,cod1:0x189,cod2:0x30,addr:0x8fc8c01c0,module3,cod1:0x189,cod2:0x30,addr:0xc567f0240,module7,cod1:0x91,cod2:0x1,addr:0x4f25a0080,module7,cod1:0x91,cod2:0x1,addr:0x4f29300c0,module7,cod1:0x91,cod2:0x1,addr:0x4f29400c0,module7,cod1:0x91,cod2:0x1,addr:0x4f2970040","module3,module7"
SERVER_27352,2020-11-12 13:03:54,"module3,cod1:0x145,cod2:0x30,addr:0x232f4180,module7,cod1:0x91,cod2:0x1,addr:0x4b0b840c0","module3,module7"
SERVER_22790,2020-09-13 05:45:54,"module10,cod1:0x405,cod2:0xa,addr:0x1b6d8d2240,module11,cod1:0x405,cod2:0xa,addr:0x4f2622680,module12,cod1:0xe0f,cod2:0x1f,addr:0x0,module13,cod1:0x405,cod2:0x2,addr:0x0,module14,cod1:0x405,cod2:0x2,addr:0x0,module3,cod1:0x400,cod2:0x80,addr:0x15ec4b100,module3,cod1:0x400,cod2:0x80,addr:0xffffffff813d3dd4,module4,cod1:0x400,cod2:0x80,addr:0x7fb70492,module4,cod1:0x400,cod2:0x80,addr:0xffffffff813d3dd4,module9,cod1:0x110a,cod2:0xc,addr:0x1e15cc0,module9,cod1:0x405,cod2:0xa,addr:0x47b5eabc0","module10,module11,module12,module13,module14,module3,module4,module9"
SERVER_22842,2020-10-31 16:43:53,"module10,cod1:0x110a,cod2:0xc,addr:0x31bfcd6300,module10,cod1:0x110a,cod2:0xc,addr:0x3960be0000,module11,cod1:0x110a,cod2:0xc,addr:0x303e144e40,module11,cod1:0x110a,cod2:0xc,addr:0x6200600080,module3,cod1:0x400,cod2:0x80,addr:0x43e5f8,module3,cod1:0x400,cod2:0x80,addr:0xffffffff815ccbff,module4,cod1:0x400,cod2:0x80,addr:0xffffffff81741b9c,module4,cod1:0x400,cod2:0x80,addr:0xffffffffa061daab,module9,cod1:0x110a,cod2:0xc,addr:0x7b2331e300,module9,cod1:0x110a,cod2:0xc,addr:0xbebe559f40","module10,module11,module3,module4,module9"
SERVER_22842,2020-11-11 06:35:54,"module10,cod1:0x110a,cod2:0xc,addr:0x31bfcd6300,module10,cod1:0x110a,cod2:0xc,addr:0x3960be0000,module11,cod1:0x110a,cod2:0xc,addr:0x303e144e40,module11,cod1:0x110a,cod2:0xc,addr:0x6200600080,module3,cod1:0x400,cod2:0x80,addr:0x43e5f8,module3,cod1:0x400,cod2:0x80,addr:0xffffffff815ccbff,module4,cod1:0x400,cod2:0x80,addr:0xffffffff81741b9c,module4,cod1:0x400,cod2:0x80,addr:0xffffffffa061daab,module9,cod1:0x110a,cod2:0xc,addr:0x7b2331e300,module9,cod1:0x110a,cod2:0xc,addr:0xbebe559f40","module10,module11,module3,module4,module9"
SERVER_22874,2020-09-18 09:40:54,"module1,cod1:0x134,cod2:0x10,addr:0x0,module7,cod1:0x91,cod2:0x101,addr:0x2356a04a00","module1,module7"
SERVER_22888,2020-09-23 16:27:53,"module9,cod1:0x110a,cod2:0xc,addr:0xee501000",module9
SERVER_22927,2020-10-19 16:01:54,"module1,cod1:0x134,cod2:0x10,addr:0x4731bc95c0",module1
SERVER_22948,2020-09-14 19:20:53,"module1,cod1:0x134,cod2:0x10,addr:0x735896c740",module1
SERVER_22957,2020-11-19 20:56:56,"module9,cod1:0x110a,cod2:0xc,addr:0xee501000",module9
SERVER_22991,2020-11-02 10:53:54,"module1,cod1:0x134,cod2:0x10,addr:0xc660f4b00,module8,cod1:0x91,cod2:0x101,addr:0xc660f4b00","module1,module8"
SERVER_23000,2020-10-27 10:58:53,"module1,cod1:0x134,cod2:0x10,addr:0x4fbb727e40",module1
SERVER_23002,2020-09-17 11:39:54,"module1,cod1:0x134,cod2:0x10,addr:0xc06ffc1000,module7,cod1:0x91,cod2:0x101,addr:0xc06ffe8000","module1,module7"
SERVER_23014,2020-09-25 10:30:54,"module1,cod1:0x134,cod2:0x10,addr:0x6ca04d8880,module1,cod1:0x134,cod2:0x10,addr:0x6ca8cde080,module1,cod1:0x134,cod2:0x10,addr:0x6ca94dec80,module1,cod1:0x134,cod2:0x10,addr:0x6cae4dec80,module1,cod1:0x134,cod2:0x10,addr:0x6cb0cd8880,module1,cod1:0x134,cod2:0x10,addr:0x6d0bcb8080,module1,cod1:0x134,cod2:0x10,addr:0x6d25cdec80,module1,cod1:0x134,cod2:0x10,addr:0x6d264de080,module1,cod1:0x134,cod2:0x10,addr:0x6d29cde080,module1,cod1:0x134,cod2:0x10,addr:0x6d324d8880,module7,cod1:0x90,cod2:0x101,addr:0x6ca04d8880,module7,cod1:0x90,cod2:0x101,addr:0x6cae4dec80,module7,cod1:0x90,cod2:0x101,addr:0x6cb0cd8880,module7,cod1:0x90,cod2:0x101,addr:0x6d0bcb8080,module7,cod1:0x90,cod2:0x101,addr:0x6d25cdec80,module7,cod1:0x90,cod2:0x101,addr:0x6d264de080,module7,cod1:0x90,cod2:0x101,addr:0x6d29cde080,module7,cod1:0x90,cod2:0x101,addr:0x6d324d8880","module1,module7"
SERVER_23046,2020-11-11 16:30:53,"module1,cod1:0x134,cod2:0x10,addr:0x1840031040,module7,cod1:0x92,cod2:0x101,addr:0x1840031040","module1,module7"
SERVER_23097,2020-09-19 13:45:54,"module7,cod1:0x90,cod2:0x101,addr:0x7ecc3c00",module7
SERVER_23107,2020-09-10 13:47:54,"module1,cod1:0x134,cod2:0x10,addr:0x133b5340,module8,cod1:0x92,cod2:0x101,addr:0x3b08c1c0","module1,module8"
SERVER_23119,2020-10-11 08:36:53,"module1,cod1:0x134,cod2:0x10,addr:0x606da97b80,module8,cod1:0x92,cod2:0x101,addr:0x606da97b80","module1,module8"
SERVER_23217,2020-10-02 23:58:53,"module1,cod1:0x134,cod2:0x10,addr:0x27a5e2aa40,module7,cod1:0x91,cod2:0x101,addr:0x27a5e2aa40","module1,module7"
SERVER_23221,2020-10-17 18:24:53,"module1,cod1:0x134,cod2:0x10,addr:0x0,module7,cod1:0x91,cod2:0x101,addr:0x2804c01440","module1,module7"
SERVER_23237,2020-10-05 15:54:53,"module1,cod1:0x134,cod2:0x10,addr:0x7ceba160c0,module7,cod1:0x90,cod2:0x101,addr:0x7ceba160c0","module1,module7"
SERVER_25087,2020-11-10 07:32:54,"module1,cod1:0x134,cod2:0x10,addr:0x0,module7,cod1:0x92,cod2:0x101,addr:0x8ceb432240","module1,module7"
SERVER_25107,2020-09-08 00:05:54,"module1,cod1:0x134,cod2:0x10,addr:0x38b4719f40,module8,cod1:0x91,cod2:0x101,addr:0x38b4719f40","module1,module8"
SERVER_25114,2020-09-17 15:47:54,"module1,cod1:0x134,cod2:0x10,addr:0x0,module8,cod1:0x92,cod2:0x101,addr:0x748485b00","module1,module8"
SERVER_25135,2020-09-09 19:25:54,"module1,cod1:0x134,cod2:0x10,addr:0x0,module7,cod1:0x91,cod2:0x101,addr:0x29efa89cc0","module1,module7"
SERVER_25135,2020-11-07 17:14:54,"module1,cod1:0x134,cod2:0x10,addr:0x0,module7,cod1:0x91,cod2:0x101,addr:0x29efa8e4c0","module1,module7"
SERVER_25146,2020-09-22 15:01:53,"module1,cod1:0x134,cod2:0x10,addr:0x1270a254c0,module7,cod1:0x91,cod2:0x101,addr:0x1270a254c0","module1,module7"
SERVER_25178,2020-09-04 14:27:54,"module1,cod1:0x134,cod2:0x10,addr:0x413f9d2800,module7,cod1:0x91,cod2:0x101,addr:0x413f9d2800","module1,module7"
SERVER_25526,2020-08-30 22:51:54,"module7,cod1:0x90,cod2:0x101,addr:0x6adeda2280",module7
SERVER_27786,2020-09-06 08:17:53,"module10,cod1:0x110a,cod2:0xc,addr:0x7f923140,module11,cod1:0x110a,cod2:0xc,addr:0x1e5637d700,module12,cod1:0xe0f,cod2:0x1f,addr:0x1e5637dc40,module14,cod1:0x405,cod2:0x2,addr:0x0,module3,cod1:0x400,cod2:0x80,addr:0xffffffff81059f06,module4,cod1:0x407,cod2:0x40,addr:0x0,module9,cod1:0x110a,cod2:0xc,addr:0x1e5637dd40,module9,cod1:0x405,cod2:0xa,addr:0xfa8a326c0","module10,module11,module12,module14,module3,module4,module9"
SERVER_25536,2020-10-01 03:18:54,"module4,cod1:0x400,cod2:0x80,addr:0x455bda,module9,cod1:0x110a,cod2:0xc,addr:0x0,module9,cod1:0x110a,cod2:0xc,addr:0xe0b00000","module4,module9"
SERVER_25536,2020-10-01 03:18:54,"module9,cod1:0x110a,cod2:0xc,addr:0xe0b00000",module9
SERVER_1617,2020-09-29 03:36:54,"module2,cod1:0x5,cod2:0x2,addr:0x0",module2
SERVER_25820,2020-09-03 15:51:53,"module1,cod1:0x114,cod2:0x0,addr:0xc87d40140",module1
SERVER_5398,2020-09-02 07:15:54,"module1,cod1:0x134,cod2:0x10,addr:0x2145451000,module7,cod1:0x90,cod2:0x101,addr:0x2145459000","module1,module7"
SERVER_5515,2020-09-24 16:58:54,"module1,cod1:0x174,cod2:0x0,addr:0x0",module1
SERVER_5672,2020-09-27 05:50:53,"module1,cod1:0x134,cod2:0x10,addr:0x0,module8,cod1:0x91,cod2:0x101,addr:0x7d3e155f40","module1,module8"
SERVER_25890,2020-10-12 11:43:53,"module1,cod1:0x174,cod2:0x0,addr:0x0",module1
SERVER_25908,2020-09-24 08:34:53,"module1,cod1:0x134,cod2:0x10,addr:0x48e0ef7280,module7,cod1:0x91,cod2:0x101,addr:0x48e0ef7280","module1,module7"
SERVER_6220,2020-09-14 08:04:53,"module1,cod1:0x134,cod2:0x10,addr:0x0,module8,cod1:0x91,cod2:0x101,addr:0x1e170eed00","module1,module8"
SERVER_6288,2020-08-29 22:07:54,"module4,cod1:0x400,cod2:0x80,addr:0x7ff8c8330cbe",module4
SERVER_26016,2020-09-12 11:27:54,"module4,cod1:0x402,cod2:0x6800,addr:0x0,module4,cod1:0x402,cod2:0x6900,addr:0x0",module4
SERVER_26189,2020-09-18 11:21:54,"module10,cod1:0x17a,cod2:0xc,addr:0x11000840f000,module10,cod1:0x17a,cod2:0xc,addr:0x110008439000,module11,cod1:0x17a,cod2:0xc,addr:0x11000840a000,module11,cod1:0x17a,cod2:0xc,addr:0x110008431000,module9,cod1:0x17a,cod2:0xc,addr:0x110008414000,module9,cod1:0x17a,cod2:0xc,addr:0x11000841d000","module10,module11,module9"
SERVER_7567,2020-11-21 09:32:59,"module1,cod1:0x124,cod2:0x0,addr:0x2c23ddb200",module1
SERVER_8011,2020-09-30 08:56:54,"module1,cod1:0x174,cod2:0x0,addr:0x0",module1
SERVER_8376,2020-10-17 08:49:54,"module4,cod1:0x400,cod2:0x80,addr:0xffffffff810f605c",module4
SERVER_9119,2020-09-12 04:07:53,"module11,cod1:0x110a,cod2:0xc,addr:0x40,module3,cod1:0x400,cod2:0x80,addr:0x564447b2f197,module4,cod1:0x400,cod2:0x80,addr:0x564447b2f197,module4,cod1:0x400,cod2:0x80,addr:0xffffffff8104c5be","module11,module3,module4"
SERVER_26482,2020-10-31 19:05:53,"module1,cod1:0x134,cod2:0x10,addr:0x35627c6a40,module7,cod1:0x90,cod2:0x101,addr:0x35627c6a40","module1,module7"
SERVER_9368,2020-10-11 16:03:53,"module10,cod1:0x405,cod2:0x1f,addr:0x390004804001",module10
SERVER_9368,2020-10-25 12:03:53,"module10,cod1:0x405,cod2:0x1f,addr:0x390004804001",module10
SERVER_9614,2020-09-22 15:02:54,"module4,cod1:0x402,cod2:0x6800,addr:0x0",module4
SERVER_10126,2020-11-12 16:49:54,"module1,cod1:0x134,cod2:0x10,addr:0x225b32a800,module7,cod1:0x91,cod2:0x101,addr:0x225b32a800","module1,module7"
SERVER_26530,2020-10-08 15:20:54,"module1,cod1:0x134,cod2:0x10,addr:0x8a4610ec0",module1
SERVER_10228,2020-11-07 11:22:53,"module8,cod1:0x91,cod2:0x101,addr:0x2be58681c0",module8
SERVER_10332,2020-09-29 18:29:54,"module10,cod1:0x110a,cod2:0xc,addr:0x104bf00,module10,cod1:0x110a,cod2:0xc,addr:0x8ad5f29c0,module11,cod1:0x110a,cod2:0xc,addr:0x1744f80,module11,cod1:0x110a,cod2:0xc,addr:0x274c45cbc0,module3,cod1:0x400,cod2:0x80,addr:0xffffffff810779ab,module3,cod1:0x400,cod2:0x80,addr:0xffffffff815ccbff,module4,cod1:0x400,cod2:0x80,addr:0x7fbbe95ddc4a,module4,cod1:0x400,cod2:0x80,addr:0xffffffff810c70a2,module8,cod1:0x400,cod2:0x20,addr:0x2def53ef80,module9,cod1:0x110a,cod2:0xc,addr:0x1a75781740,module9,cod1:0x110a,cod2:0xc,addr:0x3f293239c0","module10,module11,module3,module4,module8,module9"
SERVER_26543,2020-09-01 22:53:53,"module9,cod1:0x110a,cod2:0xb,addr:0x7e3779e280",module9
SERVER_26543,2020-10-14 16:51:54,"module9,cod1:0x110a,cod2:0xb,addr:0x37c191c80",module9
SERVER_10532,2020-11-13 12:31:53,"module1,cod1:0x134,cod2:0x10,addr:0x3fb9f91800,module7,cod1:0x90,cod2:0x101,addr:0x19c2e37480","module1,module7"
SERVER_26555,2020-09-07 11:45:54,"module2,cod1:0x5,cod2:0x2,addr:0x0",module2
SERVER_12347,2020-10-21 02:30:54,"module8,cod1:0x90,cod2:0x101,addr:0x1be0fe3d80",module8
SERVER_12734,2020-11-11 18:16:54,"module1,cod1:0x174,cod2:0x0,addr:0x0",module1
SERVER_26668,2020-10-10 04:24:54,"module10,cod1:0x110a,cod2:0xc,addr:0x7f48d8c0,module10,cod1:0x110a,cod2:0xc,addr:0x7f498880,module11,cod1:0x110a,cod2:0xc,addr:0x7f492680,module11,cod1:0x110a,cod2:0xc,addr:0x7f498080,module19,cod1:0xe0f,cod2:0x1f,addr:0x7f48d240,module3,cod1:0x400,cod2:0x80,addr:0x6c3eadf3,module3,cod1:0x400,cod2:0x80,addr:0x7f48d080,module4,cod1:0x400,cod2:0x80,addr:0x6c3eadf3,module4,cod1:0x400,cod2:0x80,addr:0x8000,module5,cod1:0xe0f,cod2:0x1f,addr:0x7f48da40,module9,cod1:0x110a,cod2:0xc,addr:0x0,module9,cod1:0x110a,cod2:0xc,addr:0x7f4902c0","module10,module11,module19,module3,module4,module5,module9"
SERVER_14624,2020-09-03 05:25:54,"module1,cod1:0x174,cod2:0x0,addr:0x0",module1
SERVER_15550,2020-09-22 12:44:54,"module2,cod1:0x19,cod2:0x1,addr:0x0",module2
SERVER_16323,2020-10-10 14:06:54,"module4,cod1:0x400,cod2:0x80,addr:0x7f943d5f13f0",module4
SERVER_26760,2020-09-21 21:56:54,"module4,cod1:0x402,cod2:0x6600,addr:0x0",module4
SERVER_17583,2020-10-03 19:57:54,"module0,cod1:0x5,cod2:0x0,addr:0x0",module0
SERVER_17723,2020-11-16 19:29:54,"module19,cod1:0x1136,cod2:0x5,addr:0xb7e80",module19
SERVER_17726,2020-11-11 18:04:53,"module1,cod1:0x174,cod2:0x0,addr:0x347d06dc0",module1
SERVER_17732,2020-10-16 20:38:53,"module7,cod1:0x91,cod2:0x1,addr:0x1a019f1c0,module7,cod1:0x91,cod2:0x1,addr:0x5a0185040,module7,cod1:0x91,cod2:0x1,addr:0x5a0187040",module7
SERVER_17769,2020-11-07 18:03:53,"module7,cod1:0x91,cod2:0x1,addr:0x225d9b080,module7,cod1:0x91,cod2:0x1,addr:0x230ce2480,module7,cod1:0x91,cod2:0x1,addr:0x275dc8000",module7
SERVER_20377,2020-09-29 18:41:54,"module10,cod1:0x110a,cod2:0xc,addr:0x1db30c0,module10,cod1:0x110a,cod2:0xc,addr:0x1fb7a03280,module11,cod1:0x110a,cod2:0xc,addr:0x2d390c5880,module11,cod1:0x110a,cod2:0xc,addr:0x2f435d03c0,module3,cod1:0x400,cod2:0x80,addr:0x10b1000,module3,cod1:0x400,cod2:0x80,addr:0xffffffff810dcce8,module4,cod1:0x400,cod2:0x80,addr:0xffffffff810b6326,module4,cod1:0x400,cod2:0x80,addr:0xffffffff81638e7e,module9,cod1:0x110a,cod2:0xc,addr:0x2f4b44abc0,module9,cod1:0x110a,cod2:0xc,addr:0xdd5a7f400","module10,module11,module3,module4,module9"
SERVER_22462,2020-09-12 04:43:54,"module4,cod1:0x400,cod2:0x80,addr:0x55fcd1fef31f",module4
SERVER_22608,2020-09-15 22:54:54,"module3,cod1:0x400,cod2:0x80,addr:0xffffffff81077c26,module4,cod1:0x400,cod2:0x80,addr:0xffffffff81077c26","module3,module4"
SERVER_27339,2020-11-12 23:47:54,"module4,cod1:0x400,cod2:0x80,addr:0xffffffff811103fb",module4
SERVER_22632,2020-10-13 01:13:54,"module19,cod1:0x110a,cod2:0xc,addr:0x3648f6ac0,module3,cod1:0x400,cod2:0x80,addr:0x55eecb4f8709,module3,cod1:0x400,cod2:0x80,addr:0x7f910f0f229e,module3,cod1:0x400,cod2:0x80,addr:0xffffffff813acfc9,module4,cod1:0x400,cod2:0x80,addr:0xffffffff813acfc9","module19,module3,module4"
SERVER_22956,2020-09-05 07:21:54,"module3,cod1:0x400,cod2:0x80,addr:0x7f95f74ce000,module4,cod1:0x400,cod2:0x80,addr:0x7f95f74ce000","module3,module4"
SERVER_23100,2020-10-07 06:43:54,"irpp1,blpacketparityerror,pcie rootport a2:0.0,acsviolation,pcie rootport a2:0.0,atomicopegressblock,pcie rootport a2:0.0,completionabort,pcie rootport a2:0.0,completiontimeout,pcie rootport a2:0.0,datalinkerror,pcie rootport a2:0.0,ecrcerror,pcie rootport a2:0.0,flowcontrolerror,pcie rootport a2:0.0,mcblockedtlp,pcie rootport a2:0.0,malformedtlp,pcie rootport a2:0.0,poisonedtlp,pcie rootport a2:0.0,receivedanunsupportedrequest,pcie rootport a2:0.0,receiverbufferoverflow,pcie rootport a2:0.0,surprisedownerror,pcie rootport a2:0.0,tlpprefixblockederror,pcie rootport a2:0.0,uncorrectableinternalerror,pcie rootport a2:0.0,unexpectedcompetion,module10,cod1:0x110a,cod2:0xc,addr:0x70fa62c0,module11,cod1:0x110a,cod2:0xc,addr:0x70fa6200,module12,cod1:0xe0f,cod2:0x1f,addr:0x0,module14,cod1:0x405,cod2:0x2,addr:0x0,module19,cod1:0xe0f,cod2:0x1f,addr:0x81a28b0640,module3,cod1:0x400,cod2:0x80,addr:0x7fb6f4e0,module3,cod1:0x5,cod2:0x40,addr:0x7fb54ac0,module4,cod1:0x400,cod2:0x80,addr:0x7fb6f4e0,module5,cod1:0xe0f,cod2:0x1f,addr:0x81a28b1ec0,module7,cod1:0xbf,cod2:0x80,addr:0x8e95d52200,module9,cod1:0x110a,cod2:0xc,addr:0x70fa6280,module9,cod1:0x110a,cod2:0xc,addr:0xbd1daa9680","irpp1,pcie rootport a2:0.0,module10,module11,module12,module14,module19,module3,module4,module5,module7,module9"
SERVER_25757,2020-10-29 21:03:53,"module0,cod1:0x5,cod2:0x3,addr:0x0",module0
SERVER_3554,2020-10-09 01:25:54,"module4,cod1:0x402,cod2:0x4b00,addr:0x0",module4
SERVER_3554,2020-11-20 23:39:16,"module4,cod1:0x402,cod2:0x4b00,addr:0x0",module4
SERVER_4848,2020-09-26 04:02:54,"module7,cod1:0x91,cod2:0x1,addr:0x3f4684000",module7
SERVER_5572,2020-09-19 12:58:54,"module0,cod1:0x5,cod2:0x7,addr:0x0",module0
SERVER_25892,2020-11-08 22:36:53,"module0,cod1:0x5,cod2:0x2,addr:0x0",module0
SERVER_5689,2020-10-23 14:38:54,"module1,cod1:0x134,cod2:0x10,addr:0x3e52fe68c0",module1
SERVER_25895,2020-09-02 22:03:53,"module1,cod1:0x134,cod2:0x10,addr:0x0,module8,cod1:0x91,cod2:0x101,addr:0x247095b540","module1,module8"
SERVER_25914,2020-10-29 04:10:53,"module1,cod1:0x134,cod2:0x10,addr:0x3c5985b580,module8,cod1:0x91,cod2:0x101,addr:0x3c5985b580","module1,module8"
SERVER_5944,2020-10-31 17:53:53,"module9,cod1:0x110a,cod2:0xc,addr:0xee681000",module9
SERVER_5947,2020-10-03 20:45:54,"module10,cod1:0x1146,cod2:0x3,addr:0xfeb030c0,module11,cod1:0x1146,cod2:0x3,addr:0xfeb03100","module10,module11"
SERVER_6002,2020-11-04 14:33:53,"module4,cod1:0x400,cod2:0x80,addr:0x65b1f3c3",module4
SERVER_26032,2020-09-21 01:25:54,"module3,cod1:0x400,cod2:0x80,addr:0x7ff24034b37e,module4,cod1:0x400,cod2:0x80,addr:0x7ff24034b37e","module3,module4"
SERVER_7225,2020-10-13 14:07:54,"module4,cod1:0x400,cod2:0x80,addr:0x7f3e477cc900",module4
SERVER_26188,2020-09-18 10:56:53,"module10,cod1:0x17a,cod2:0xc,addr:0x110008423000,module11,cod1:0x17a,cod2:0xc,addr:0x11000840d000,module9,cod1:0x17a,cod2:0xc,addr:0x11000840b000","module10,module11,module9"
SERVER_7346,2020-10-29 21:17:54,"module1,cod1:0x114,cod2:0x0,addr:0x1acc5a6fc0",module1
SERVER_7502,2020-11-09 17:18:54,"module1,cod1:0x114,cod2:0x0,addr:0x5f7f0d5b40",module1
SERVER_8030,2020-11-15 14:47:54,"module1,cod1:0x174,cod2:0x0,addr:0x0",module1
SERVER_8109,2020-09-24 12:53:53,"port a,nointerpretableerrordata,module1,cod1:0x134,cod2:0x10,addr:0x0","port a,module1"
SERVER_8388,2020-09-22 12:10:54,"module10,cod1:0x110a,cod2:0xf,addr:0x1d83d9b80,module11,cod1:0x1146,cod2:0x3,addr:0xfeb0a400,module9,cod1:0x110a,cod2:0xc,addr:0x7fa80140","module10,module11,module9"
SERVER_10505,2020-08-29 12:55:54,"module11,cod1:0x110a,cod2:0xc,addr:0xc5d01000",module11
SERVER_12208,2020-11-21 03:55:02,"module10,cod1:0x110a,cod2:0xc,addr:0x2fa9d18b40,module10,cod1:0x110a,cod2:0xc,addr:0x2faa6583c0,module11,cod1:0x110a,cod2:0xc,addr:0x1aa02ac00,module11,cod1:0x110a,cod2:0xc,addr:0x71e27ba80,module3,cod1:0x400,cod2:0x80,addr:0xffffffff810b206f,module3,cod1:0x400,cod2:0x80,addr:0xffffffff811f9f88,module4,cod1:0x400,cod2:0x80,addr:0xffffffff810c7af6,module4,cod1:0x400,cod2:0x80,addr:0xffffffff811f9f88,module9,cod1:0x110a,cod2:0xc,addr:0x2faa658380,module9,cod1:0x110a,cod2:0xc,addr:0xa1a098b00","module10,module11,module3,module4,module9"
SERVER_12500,2020-11-05 17:25:53,"module4,cod1:0x402,cod2:0x2300,addr:0x0",module4
SERVER_12861,2020-09-05 10:59:54,"module10,cod1:0x1186,cod2:0x1,addr:0x6edd1877c0",module10
SERVER_14188,2020-09-27 07:06:53,"module1,cod1:0x174,cod2:0x0,addr:0x0",module1
SERVER_26691,2020-08-27 11:49:53,"module0,cod1:0x5,cod2:0x2,addr:0x0",module0
SERVER_16003,2020-09-12 12:21:54,"module0,cod1:0x5,cod2:0x0,addr:0x0",module0
SERVER_16097,2020-10-15 07:03:54,"module0,cod1:0x5,cod2:0xe,addr:0x0",module0
SERVER_16361,2020-10-25 14:38:54,"module3,cod1:0x151,cod2:0x10,addr:0x7eb1be40,module3,cod1:0x151,cod2:0x10,addr:0x7eb2fec0,module3,cod1:0x189,cod2:0x10,addr:0x7eb0abc0,module3,cod1:0x189,cod2:0x10,addr:0x7eb1be40,module3,cod1:0x189,cod2:0x10,addr:0x7fbd7f40",module3
SERVER_16617,2020-11-23 18:04:00,"module7,cod1:0x92,cod2:0x101,addr:0x1cbc11cc80",module7
SERVER_16937,2020-09-01 11:43:54,"module1,cod1:0x134,cod2:0x10,addr:0xbc386ee040",module1
SERVER_17350,2020-09-22 15:47:54,"module11,cod1:0x110a,cod2:0xc,addr:0xc5d01000",module11
SERVER_17397,2020-09-13 09:22:53,"module1,cod1:0x114,cod2:0x0,addr:0x239e31fcc0",module1
SERVER_17397,2020-09-13 09:22:53,"module1,cod1:0x114,cod2:0x0,addr:0x3edf387cc0",module1
SERVER_17561,2020-09-22 13:55:54,"module0,cod1:0x5,cod2:0x0,addr:0x0",module0
SERVER_17592,2020-10-09 12:45:53,"module1,cod1:0x174,cod2:0x0,addr:0x0",module1
SERVER_17728,2020-10-06 18:21:54,"module7,cod1:0x90,cod2:0x1,addr:0x48557440",module7
SERVER_17763,2020-10-26 05:45:53,"module3,cod1:0x400,cod2:0x80,addr:0x1400000c0,module4,cod1:0x400,cod2:0x80,addr:0x1dd3bb0","module3,module4"
SERVER_19437,2020-09-22 14:57:53,"module1,cod1:0x174,cod2:0x0,addr:0x0",module1
SERVER_26953,2020-09-20 20:06:53,"module1,cod1:0x174,cod2:0x0,addr:0x0",module1
SERVER_27098,2020-09-12 18:41:54,"module4,cod1:0x402,cod2:0x6800,addr:0x0",module4
SERVER_22490,2020-09-14 11:00:53,"module3,cod1:0x145,cod2:0x30,addr:0x371d0e280",module3
SERVER_22674,2020-11-11 07:52:54,"module3,cod1:0x189,cod2:0x30,addr:0x5f378b740,module3,cod1:0x189,cod2:0x30,addr:0x84a168fc0,module3,cod1:0x189,cod2:0x30,addr:0x8568d9f40,module7,cod1:0x91,cod2:0x1,addr:0x8488006c0,module7,cod1:0x91,cod2:0x1,addr:0x84880a0c0,module7,cod1:0x91,cod2:0x1,addr:0x84880b040","module3,module7"
SERVER_22678,2020-09-13 17:45:53,"module17,cod1:0x110a,cod2:0xc,addr:0x183f800001c0",module17
SERVER_22682,2020-10-27 06:47:54,"module3,cod1:0x145,cod2:0x30,addr:0x349add040,module3,cod1:0x151,cod2:0x30,addr:0x7fa4cbc0,module3,cod1:0x179,cod2:0x30,addr:0x7fa4cac0,module7,cod1:0x90,cod2:0x1,addr:0x7e1000480,module9,cod1:0x80,cod2:0x10,addr:0x1a88dc880","module3,module7,module9"
SERVER_22933,2020-10-27 04:46:54,"module10,cod1:0x110a,cod2:0xc,addr:0x1db9740,module11,cod1:0x110a,cod2:0xc,addr:0x1f69088000,module11,cod1:0x110a,cod2:0xc,addr:0x2200300000,module3,cod1:0x400,cod2:0x80,addr:0xffffffff810b32d0,module3,cod1:0x400,cod2:0x80,addr:0xffffffff8163ba18,module4,cod1:0x400,cod2:0x80,addr:0x3a3dc90,module4,cod1:0x400,cod2:0x80,addr:0xffffffff8163e82c,module9,cod1:0x110a,cod2:0xc,addr:0x1dc0a80,module9,cod1:0x110a,cod2:0xc,addr:0xd2f6f3700","module10,module11,module3,module4,module9"
SERVER_22945,2020-10-15 04:10:54,"module11,cod1:0x110a,cod2:0xc,addr:0xb8610000",module11
SERVER_22967,2020-10-24 10:43:54,"module10,cod1:0x110a,cod2:0xc,addr:0x36f465e0c0,module10,cod1:0x110a,cod2:0xc,addr:0x552a334280,module11,cod1:0x110a,cod2:0xc,addr:0x26237dc080,module11,cod1:0x110a,cod2:0xc,addr:0x3f56a0dc00,module3,cod1:0x400,cod2:0x80,addr:0xffffffff810fe22e,module3,cod1:0x400,cod2:0x80,addr:0xffffffff816b26fc,module4,cod1:0x400,cod2:0x80,addr:0x7fdc6fc96c73,module4,cod1:0x400,cod2:0x80,addr:0xffffffffc040f060,module9,cod1:0x110a,cod2:0xc,addr:0x65f825f100,module9,cod1:0x110a,cod2:0xc,addr:0x7f60ee6440","module10,module11,module3,module4,module9"
SERVER_22972,2020-10-15 07:44:54,"module10,cod1:0x110a,cod2:0xc,addr:0x6145223180,module10,cod1:0x110a,cod2:0xc,addr:0x64126d3e00,module11,cod1:0x110a,cod2:0xc,addr:0x3f7fee3140,module11,cod1:0x110a,cod2:0xc,addr:0x6ac8b86d80,module3,cod1:0x400,cod2:0x80,addr:0x253926340f,module3,cod1:0x400,cod2:0x80,addr:0x3838358420,module4,cod1:0x400,cod2:0x80,addr:0xffffffff810d4ad3,module4,cod1:0x400,cod2:0x80,addr:0xffffffff810e05bb,module9,cod1:0x110a,cod2:0xc,addr:0x3f7f8e2840,module9,cod1:0x110a,cod2:0xc,addr:0x6d60c9d900","module10,module11,module3,module4,module9"
SERVER_23040,2020-09-10 15:01:54,"module10,cod1:0x110a,cod2:0xc,addr:0x8e2b7aeb40,module10,cod1:0x110a,cod2:0xc,addr:0xbcd0f9e3c0,module11,cod1:0x110a,cod2:0xc,addr:0xbb503786c0,module3,cod1:0x400,cod2:0x80,addr:0x8e2b7a8780,module3,cod1:0x400,cod2:0x80,addr:0xffffffff8e103b66,module4,cod1:0x400,cod2:0x80,addr:0xffffffff8e1056b2,module4,cod1:0x400,cod2:0x80,addr:0xffffffff8e7f7338,module9,cod1:0x110a,cod2:0xc,addr:0xbb503787c0","module10,module11,module3,module4,module9"
SERVER_3572,2020-09-29 15:11:53,"module11,cod1:0x110a,cod2:0xc,addr:0x400000",module11
SERVER_6043,2020-09-29 23:57:53,"module9,cod1:0x110a,cod2:0xc,addr:0xee501000",module9
SERVER_6386,2020-11-04 19:24:53,"module9,cod1:0x110a,cod2:0xc,addr:0xc5e81000",module9
SERVER_6442,2020-09-26 22:57:53,"module0,cod1:0x5,cod2:0x2,addr:0x0",module0
SERVER_7159,2020-09-01 22:29:53,"module4,cod1:0x400,cod2:0x80,addr:0x7fc96ec8b780",module4
SERVER_26263,2020-11-18 21:27:54,"module10,cod1:0x110a,cod2:0xc,addr:0x1c05000,module11,cod1:0x110a,cod2:0xc,addr:0x619881c0,module3,cod1:0x400,cod2:0x80,addr:0xffffffff810f56e5,module3,cod1:0x400,cod2:0x80,addr:0xffffffff817192ac,module4,cod1:0x400,cod2:0x80,addr:0xffffffff810f56e5,module4,cod1:0x400,cod2:0x80,addr:0xffffffff817192ac,module9,cod1:0x110a,cod2:0xc,addr:0x4000c00,module9,cod1:0x110a,cod2:0xc,addr:0x606b4280","module10,module11,module3,module4,module9"
SERVER_7984,2020-11-14 09:25:54,"module1,cod1:0x174,cod2:0x0,addr:0x0",module1
SERVER_8754,2020-08-28 14:37:54,"module10,cod1:0x110a,cod2:0xc,addr:0x2205000,module10,cod1:0x110a,cod2:0xc,addr:0x2f80ba3180,module11,cod1:0x110a,cod2:0xc,addr:0x2e27907300,module11,cod1:0x110a,cod2:0xc,addr:0x2f37db1880,module3,cod1:0x400,cod2:0x80,addr:0x2f75c5be00,module3,cod1:0x400,cod2:0x80,addr:0x5f6ec45000,module4,cod1:0x400,cod2:0x80,addr:0xffffffff8106ab74,module4,cod1:0x400,cod2:0x80,addr:0xffffffff81a00ae7,module9,cod1:0x110a,cod2:0xc,addr:0x5f7f9a3400,module9,cod1:0x110a,cod2:0xc,addr:0xfab334f00","module10,module11,module3,module4,module9"
SERVER_26388,2020-10-03 16:59:53,"module4,cod1:0x402,cod2:0x6800,addr:0x0",module4
SERVER_9055,2020-08-30 21:09:53,"module1,cod1:0x134,cod2:0x10,addr:0x31fa89e100",module1
SERVER_9366,2020-08-29 05:55:53,"module1,cod1:0x134,cod2:0x10,addr:0x6ff2d940",module1
SERVER_9735,2020-09-12 14:03:53,"module0,cod1:0x5,cod2:0x0,addr:0x0",module0
SERVER_9735,2020-09-20 15:37:54,"module0,cod1:0x5,cod2:0x0,addr:0x0",module0
SERVER_26524,2020-11-05 06:21:54,"module4,cod1:0x400,cod2:0x80,addr:0x5642ccea7f20",module4
SERVER_11906,2020-11-09 20:22:54,"module1,cod1:0x184,cod2:0x0,addr:0x7e7d618380",module1
SERVER_12073,2020-09-07 13:13:54,"module3,cod1:0x135,cod2:0x20,addr:0x197c922530",module3
SERVER_12746,2020-10-10 22:19:54,"module1,cod1:0x174,cod2:0x10,addr:0x0",module1
SERVER_12822,2020-10-16 01:12:53,"module1,cod1:0x134,cod2:0x10,addr:0xbd7f440c00",module1
SERVER_14209,2020-11-20 15:20:59,"module1,cod1:0x174,cod2:0x0,addr:0x0",module1
SERVER_15829,2020-08-28 12:31:54,"module0,cod1:0x5,cod2:0x0,addr:0x0",module0
SERVER_15977,2020-09-17 06:29:53,"module1,cod1:0x174,cod2:0x0,addr:0x0",module1
SERVER_16193,2020-10-08 20:50:53,"module4,cod1:0x402,cod2:0x6600,addr:0x0",module4
SERVER_17494,2020-09-22 06:09:54,"module10,cod1:0x405,cod2:0xa,addr:0x61aca112c0",module10
SERVER_17511,2020-11-22 08:51:58,"module0,cod1:0x5,cod2:0x2,addr:0x0",module0
SERVER_17584,2020-10-26 02:41:54,"module4,cod1:0x402,cod2:0x3e00,addr:0x0",module4
SERVER_17714,2020-09-11 15:49:53,"module17,cod1:0x110a,cod2:0xf,addr:0x20035df40,module18,cod1:0x110a,cod2:0xc,addr:0x0,module19,cod1:0x110a,cod2:0xf,addr:0x4b9b369c0","module17,module18,module19"
SERVER_18377,2020-09-29 06:16:54,"module10,cod1:0x110a,cod2:0xc,addr:0x8bd00000",module10
SERVER_26934,2020-09-24 12:17:54,"module1,cod1:0x184,cod2:0x0,addr:0x2bb0f9c440",module1
SERVER_19327,2020-09-30 06:17:54,"module4,cod1:0x400,cod2:0x80,addr:0x659a48cf,module9,cod1:0x110a,cod2:0xc,addr:0x0","module4,module9"
SERVER_19327,2020-11-04 17:11:54,"module10,cod1:0x110a,cod2:0xc,addr:0x1480260400,module11,cod1:0x110a,cod2:0xc,addr:0x5092092080,module3,cod1:0x400,cod2:0x80,addr:0x1480a10400,module3,cod1:0x400,cod2:0x80,addr:0x6c8d0400,module4,cod1:0x400,cod2:0x80,addr:0xffffffff9584788b,module9,cod1:0x110a,cod2:0xc,addr:0x1480261400","module10,module11,module3,module4,module9"
SERVER_26950,2020-08-29 11:13:53,"module10,cod1:0x110a,cod2:0xc,addr:0x800e6000,module4,cod1:0x400,cod2:0x80,addr:0x7ecdd72b","module10,module4"
SERVER_19637,2020-08-29 13:13:54,"module11,cod1:0x110a,cod2:0xc,addr:0xb4001000",module11
SERVER_26960,2020-09-06 15:31:53,"module1,cod1:0x174,cod2:0x0,addr:0x0",module1
SERVER_27094,2020-09-30 06:11:53,"module2,cod1:0x19,cod2:0x1,addr:0x0",module2
SERVER_20540,2020-11-10 17:37:54,"module10,cod1:0x110a,cod2:0xc,addr:0x1c05000,module10,cod1:0x110a,cod2:0xc,addr:0x4000c40,module11,cod1:0x110a,cod2:0xc,addr:0x4000f80,module11,cod1:0x110a,cod2:0xc,addr:0x566543c40,module3,cod1:0x400,cod2:0x80,addr:0xffffffff810f56dc,module3,cod1:0x400,cod2:0x80,addr:0xffffffff81719082,module4,cod1:0x400,cod2:0x80,addr:0xffffffff810f56dc,module4,cod1:0x400,cod2:0x80,addr:0xffffffff81719082,module9,cod1:0x110a,cod2:0xc,addr:0xb8fe2a480,module9,cod1:0x110a,cod2:0xc,addr:0xbb1f4d4c0","module10,module11,module3,module4,module9"
SERVER_20541,2020-09-12 15:49:54,"module1,cod1:0x134,cod2:0x10,addr:0x4c51bbc0",module1
SERVER_20593,2020-10-09 19:02:53,"module4,cod1:0x402,cod2:0x6700,addr:0x0,module4,cod1:0x402,cod2:0x6800,addr:0x0",module4
SERVER_27335,2020-11-19 03:55:54,"module4,cod1:0x400,cod2:0x80,addr:0x28008bc",module4
SERVER_27350,2020-11-08 09:09:53,"module3,cod1:0x400,cod2:0x80,addr:0x560c9ec20587,module4,cod1:0x400,cod2:0x80,addr:0x560c9ec20587","module3,module4"
SERVER_22684,2020-09-21 17:59:54,"module3,cod1:0x400,cod2:0x80,addr:0xffffffff81101ac4,module4,cod1:0x400,cod2:0x80,addr:0xffffffff81101ac4","module3,module4"
SERVER_22705,2020-11-11 11:51:54,"module7,cod1:0x91,cod2:0x1,addr:0x289a4f80,module7,cod1:0x91,cod2:0x1,addr:0x2c54e840,module7,cod1:0x91,cod2:0x1,addr:0x2d42e3c0",module7
SERVER_22862,2020-11-08 00:53:53,"module10,cod1:0x110a,cod2:0xc,addr:0x2b3f20da00,module10,cod1:0x110a,cod2:0xc,addr:0x4025740,module11,cod1:0x110a,cod2:0xc,addr:0x39c55d2cc0,module11,cod1:0x110a,cod2:0xc,addr:0x40256c0,module3,cod1:0x400,cod2:0x80,addr:0xffffffff811164bc,module3,cod1:0x400,cod2:0x80,addr:0xffffffff817416ac,module4,cod1:0x400,cod2:0x80,addr:0xffffffff810c6f6c,module4,cod1:0x400,cod2:0x80,addr:0xffffffff817416ac,module9,cod1:0x110a,cod2:0xc,addr:0x1610397540,module9,cod1:0x110a,cod2:0xc,addr:0x61302ef380","module10,module11,module3,module4,module9"
SERVER_27434,2020-10-22 23:49:54,"module7,cod1:0xbf,cod2:0x80,addr:0x0",module7
SERVER_27434,2020-11-16 17:50:54,"module7,cod1:0xbf,cod2:0x80,addr:0x0",module7
SERVER_22935,2020-10-25 08:50:54,"module13,cod1:0x405,cod2:0x400,addr:0x29fa106400,module14,cod1:0x405,cod2:0x400,addr:0x363610fc80","module13,module14"
SERVER_23026,2020-10-12 06:44:54,"module11,cod1:0x110a,cod2:0xb,addr:0x3452023a80",module11
SERVER_23031,2020-09-18 02:59:54,"module11,cod1:0x110a,cod2:0xc,addr:0x8b703000",module11
SERVER_23117,2020-09-05 07:37:54,"module10,cod1:0x110a,cod2:0xc,addr:0x3e2de06a00,module10,cod1:0x110a,cod2:0xc,addr:0x7f7f7e3400,module11,cod1:0x110a,cod2:0xc,addr:0x3ad9de4340,module11,cod1:0x110a,cod2:0xc,addr:0x659935f9c0,module3,cod1:0x400,cod2:0x80,addr:0x7f7f0e3400,module3,cod1:0x400,cod2:0x80,addr:0xffffffff816b26fc,module4,cod1:0x400,cod2:0x80,addr:0xffffffff810dbb2b,module4,cod1:0x400,cod2:0x80,addr:0xffffffffc021d693,module9,cod1:0x110a,cod2:0xc,addr:0x4356e61d40,module9,cod1:0x110a,cod2:0xc,addr:0x7f7236cc80","module10,module11,module3,module4,module9"
SERVER_27484,2020-09-10 15:51:53,"module3,cod1:0x400,cod2:0x80,addr:0x48c5000,module3,cod1:0x400,cod2:0x80,addr:0xffffffff8111e195,module4,cod1:0x400,cod2:0x80,addr:0x7f74be31a402,module4,cod1:0x400,cod2:0x80,addr:0xffffffffc04e186e,module9,cod1:0x110a,cod2:0xc,addr:0x4def9f74c0,module9,cod1:0x110a,cod2:0xc,addr:0x6656171880","module3,module4,module9"
